Cori,Hamor,chamor0@google.pl
Christine,Anselmi,canselmi1@nifty.com
Clarisse,Janman,cjanman2@prlog.org
Mackenzie,Heaseman,mheaseman3@unicef.org
Marcelle,Farnell,mfarnell4@google.ru
Jennifer,Hitcham,jhitcham5@washington.edu
Ransell,Ling,rling6@addthis.com
Aloise,Rubert,arubert7@1688.com
Brod,Burwell,bburwell8@ucoz.ru
Norrie,O'Halleghane,nohalleghane9@twitter.com
Georgine,Pickton,gpicktona@oakley.com
Donelle,O'Sherrin,dosherrinb@qq.com
Tobi,Farleigh,tfarleighc@mlb.com
Leese,Dicty,ldictyd@webeden.co.uk
Turner,Topley,ttopleye@domainmarket.com
Saree,Pittway,spittwayf@nasa.gov
Lionello,Gores,lgoresg@tiny.cc
Marlene,Checchetelli,mchecchetellih@auda.org.au
Sylvester,Dolley,sdolleyi@marriott.com
Luci,Frenzel;,lfrenzelj@google.ru
Francene,Blaymires,fblaymiresk@oaic.gov.au
Lew,Hartshorn,lhartshornl@springer.com
Hubert,Jennick,hjennickm@addtoany.com
Molly,Bartle,mbartlen@homestead.com
Daryn,Sercombe,dsercombeo@squarespace.com
Dorita,Blanchette,dblanchettep@last.fm
Wilmar,Kuzemka,wkuzemkaq@businesswire.com
Nettie,Vicent,nvicentr@timesonline.co.uk
Rheta,Dockrill,rdockrills@canalblog.com
Natasha,Osmint,nosmintt@nature.com
Ashlin,Trout,atroutu@microsoft.com
Lola,Hanbury-Brown,lhanburybrownv@soundcloud.com
Sol,Goodband,sgoodbandw@xrea.com
Evelina,Reihill,ereihillx@xing.com
Berti,Grinaway,bgrinawayy@mozilla.com
Adolphus,Clayden,aclaydenz@twitter.com
Danyelle,Colrein,dcolrein10@businessweek.com
Jen,Cassin,jcassin11@loc.gov
Bertie,Sturte,bsturte12@ted.com
Ertha,Morilla,emorilla13@barnesandnoble.com
Mildred,Caldayrou,mcaldayrou14@vistaprint.com
Ignatius,Euler,ieuler15@nih.gov
Augusta,Klos,aklos16@ycombinator.com
Addison,Dorling,adorling17@ow.ly
Margareta,Bradnock,mbradnock18@businesswire.com
Ralf,Yuryev,ryuryev19@home.pl
Cesaro,Perrone,cperrone1a@1und1.de
Goddart,Warrilow,gwarrilow1b@chicagotribune.com
Dex,Feldbau,dfeldbau1c@feedburner.com
Lib,Dowbakin,ldowbakin1d@ning.com
Jen,Horche,jhorche1e@meetup.com
Lissie,Bunn,lbunn1f@admin.ch
Annice,Urridge,aurridge1g@artisteer.com
Coreen,Lanchbury,clanchbury1h@house.gov
Ivor,Augur,iaugur1i@pagesperso-orange.fr
Trescha,Stoak,tstoak1j@hexun.com
Roxi,Laker,rlaker1k@google.de
Lorilee,Dregan,ldregan1l@php.net
Pauly,Alekseev,palekseev1m@imgur.com
Gregoor,Napleton,gnapleton1n@blogger.com
Silvia,Colum,scolum1o@vimeo.com
Zachary,Stuther,zstuther1p@paypal.com
Aloise,Carine,acarine1q@friendfeed.com
Timmy,Brosh,tbrosh1r@bloomberg.com
Lyndsie,Kundt,lkundt1s@com.com
Kipp,Leadbitter,kleadbitter1t@ibm.com
Juieta,Dinning,jdinning1u@mediafire.com
Meredith,Dene,mdene1v@symantec.com
Mignonne,Bigly,mbigly1w@chicagotribune.com
Elisabeth,Sharply,esharply1x@answers.com
Diarmid,McGowran,dmcgowran1y@tumblr.com
Viviana,Jacob,vjacob1z@webmd.com
Thaine,Rosser,trosser20@ucsd.edu
Leigh,Flintoffe,lflintoffe21@cpanel.net
Thomasa,Kobke,tkobke22@mayoclinic.com
Sibeal,MacNess,smacness23@webmd.com
Wait,Hickisson,whickisson24@xing.com
Gena,Treadaway,gtreadaway25@goodreads.com
Adrea,Addicote,aaddicote26@acquirethisname.com
Nicholas,Hutchinson,nhutchinson27@opensource.org
Tarra,Heaker,theaker28@netvibes.com
Gayle,Mardle,gmardle29@ca.gov
Nerita,O'Longain,nolongain2a@yellowbook.com
Mufi,Gloy,mgloy2b@yahoo.com
Dare,Mawtus,dmawtus2c@indiegogo.com
Caye,O'Hagerty,cohagerty2d@smh.com.au
Kimmy,Dillistone,kdillistone2e@mozilla.org
Gilbert,Cheves,gcheves2f@stumbleupon.com
Kakalina,Prestidge,kprestidge2g@europa.eu
Deanna,Janjusevic,djanjusevic2h@sun.com
Roxanna,Dignon,rdignon2i@chronoengine.com
Bartram,Pierse,bpierse2j@nature.com
Llywellyn,Mancell,lmancell2k@networkadvertising.org
Baudoin,Inchboard,binchboard2l@lulu.com
Anne-marie,Bullard,abullard2m@zdnet.com
Nealy,Anstee,nanstee2n@360.cn
Tova,Crighten,tcrighten2o@biglobe.ne.jp
Torrey,Folan,tfolan2p@squarespace.com
Bonny,Branthwaite,bbranthwaite2q@craigslist.org
Colly,Martyns,cmartyns2r@fda.gov
Bridgette,Lambirth,blambirth2s@nationalgeographic.com
Rowe,Aubin,raubin2t@tuttocitta.it
Dannie,Brashaw,dbrashaw2u@free.fr
Amandi,Filippo,afilippo2v@google.co.uk
Dorothee,Trembley,dtrembley2w@blogtalkradio.com
Kirstyn,Marini,kmarini2x@time.com
Nesta,Barends,nbarends2y@google.pl
Boothe,Dundredge,bdundredge2z@nyu.edu
Nolana,Kybird,nkybird30@washingtonpost.com
Kahaleel,Greed,kgreed31@dropbox.com
Camille,Rookwell,crookwell32@nydailynews.com
Barde,Edge,bedge33@nba.com
Gerrie,Perford,gperford34@mayoclinic.com
Fredia,Czajka,fczajka35@cornell.edu
Ansley,Brightling,abrightling36@naver.com
Elayne,Malshinger,emalshinger37@twitpic.com
Sharline,Girdler,sgirdler38@usgs.gov
Elladine,Coplestone,ecoplestone39@creativecommons.org
Aloysia,Conti,aconti3a@cam.ac.uk
Iosep,Kelwaybamber,ikelwaybamber3b@about.com
Cahra,Yakovl,cyakovl3c@mapy.cz
Chadd,Haslum,chaslum3d@dell.com
Foster,Heindl,fheindl3e@fastcompany.com
Cayla,Bonds,cbonds3f@baidu.com
Uta,Bearblock,ubearblock3g@ning.com
Pavia,Lafferty,plafferty3h@sciencedirect.com
Norri,Kembery,nkembery3i@wikipedia.org
Gerianne,Bearman,gbearman3j@sourceforge.net
Consuela,Schultheiss,cschultheiss3k@instagram.com
Sheelah,Tropman,stropman3l@harvard.edu
Zechariah,Kohrt,zkohrt3m@usa.gov
Teddie,O'Drought,todrought3n@shinystat.com
Joel,Trowler,jtrowler3o@merriam-webster.com
Boigie,Dooler,bdooler3p@ameblo.jp
Charlene,Tidswell,ctidswell3q@reverbnation.com
Lianna,Schistl,lschistl3r@nps.gov
Farand,Marquez,fmarquez3s@google.nl
Stephie,Behnke,sbehnke3t@oaic.gov.au
Marijn,Lemmens,mlemmens3u@live.com
Dudley,Choppen,dchoppen3v@npr.org
Caz,Harrow,charrow3w@usa.gov
Jan,Evitt,jevitt3x@wikipedia.org
Tracee,Wince,twince3y@goo.ne.jp
Grazia,Vail,gvail3z@hexun.com
Loydie,Deesly,ldeesly40@infoseek.co.jp
Obie,O'Donegan,oodonegan41@wisc.edu
Forster,Joskowitz,fjoskowitz42@addtoany.com
Annamaria,Mosen,amosen43@slashdot.org
Berky,Tilzey,btilzey44@dailymail.co.uk
Milton,Shore,mshore45@weather.com
Josee,Lamacraft,jlamacraft46@networkadvertising.org
Shannan,Leyrroyd,sleyrroyd47@pinterest.com
Karney,Northfield,knorthfield48@utexas.edu
Flossi,Shadbolt,fshadbolt49@salon.com
Pamelina,Blizard,pblizard4a@tinypic.com
Finlay,Faulo,ffaulo4b@diigo.com
Jackson,Sinnatt,jsinnatt4c@nyu.edu
Cristobal,Saunderson,csaunderson4d@oracle.com
Veriee,Stringer,vstringer4e@chron.com
Genvieve,McCrum,gmccrum4f@google.co.jp
Matilda,Grayling,mgrayling4g@samsung.com
Niko,Rubinsaft,nrubinsaft4h@economist.com
Micky,Billyeald,mbillyeald4i@hao123.com
Halimeda,Duplan,hduplan4j@devhub.com
Lee,McCathie,lmccathie4k@altervista.org
Neil,Fuzzey,nfuzzey4l@bizjournals.com
Jandy,Pigram,jpigram4m@wordpress.com
Lucias,Pettigrew,lpettigrew4n@photobucket.com
Virginia,Mattioni,vmattioni4o@jugem.jp
Linc,Heinecke,lheinecke4p@theatlantic.com
Perri,Peracco,pperacco4q@shutterfly.com
Shelba,Dayce,sdayce4r@springer.com
Petey,Sivess,psivess4s@ucoz.ru
Braden,Thomkins,bthomkins4t@bluehost.com
Vanya,MacKintosh,vmackintosh4u@dion.ne.jp
Lemar,O'Sharkey,losharkey4v@sitemeter.com
Klara,Birkbeck,kbirkbeck4w@slate.com
Kathy,Buxton,kbuxton4x@joomla.org
Ellen,Kierans,ekierans4y@technorati.com
Dasya,Tripney,dtripney4z@163.com
Lindie,Gail,lgail50@usa.gov
Keene,Kassidy,kkassidy51@linkedin.com
Dal,Fishley,dfishley52@home.pl
Aurie,Bothwell,abothwell53@issuu.com
Marianna,Sarginson,msarginson54@mail.ru
Mitchell,Pettett,mpettett55@51.la
Janek,Gowing,jgowing56@4shared.com
Viki,Grebbin,vgrebbin57@gravatar.com
Edmon,Tiebe,etiebe58@mediafire.com
Warden,Cater,wcater59@tamu.edu
Freeland,Gebuhr,fgebuhr5a@com.com
Johnnie,Andreia,jandreia5b@kickstarter.com
Mavis,Tommasuzzi,mtommasuzzi5c@goo.ne.jp
Augustus,Brechin,abrechin5d@free.fr
Arney,Paulet,apaulet5e@multiply.com
Sophey,Guion,sguion5f@mit.edu
Lanny,Candlish,lcandlish5g@printfriendly.com
Leoline,Brosi,lbrosi5h@biblegateway.com
Myrvyn,Rowbrey,mrowbrey5i@aboutads.info
Henrieta,Skones,hskones5j@umich.edu
Eunice,Mc Elory,emcelory5k@i2i.jp
Jori,Atter,jatter5l@yahoo.com
Saidee,Kunrad,skunrad5m@storify.com
Emera,Buttriss,ebuttriss5n@shutterfly.com
Cosme,Sobczak,csobczak5o@dropbox.com
Starlin,Oxshott,soxshott5p@creativecommons.org
Rasia,Laxtonne,rlaxtonne5q@macromedia.com
Willdon,Labbez,wlabbez5r@cornell.edu
Dasi,Tomich,dtomich5s@about.me
Berk,Snugg,bsnugg5t@instagram.com
Rosalyn,Jorden,rjorden5u@uiuc.edu
Liana,Drake,ldrake5v@github.com
Lesley,Blaney,lblaney5w@fotki.com
Kaia,Mecchi,kmecchi5x@weather.com
Westbrook,Inch,winch5y@purevolume.com
Pearl,Stopp,pstopp5z@discovery.com
Anabel,Ruprich,aruprich60@paypal.com
Sidonia,Darbon,sdarbon61@smugmug.com
Willette,Ossulton,wossulton62@flickr.com
Stanleigh,Tern,stern63@psu.edu
Naomi,Montacute,nmontacute64@people.com.cn
Antonella,Stigers,astigers65@merriam-webster.com
Winnifred,Clemenzi,wclemenzi66@livejournal.com
Marabel,Yabsley,myabsley67@auda.org.au
Halie,Iltchev,hiltchev68@ca.gov
Torr,Schwerin,tschwerin69@unesco.org
Cass,Busain,cbusain6a@over-blog.com
Erich,Martina,emartina6b@creativecommons.org
Gardener,Troake,gtroake6c@hugedomains.com
Katusha,Spain,kspain6d@google.com.hk
Maible,O'Spellissey,mospellissey6e@google.pl
Millisent,Bleue,mbleue6f@yale.edu
Zaccaria,Jarrard,zjarrard6g@booking.com
Lilith,Piburn,lpiburn6h@sciencedirect.com
Rosalie,Wincott,rwincott6i@creativecommons.org
Justus,Coger,jcoger6j@ted.com
Dannel,Berka,dberka6k@unesco.org
Benny,Corben,bcorben6l@seattletimes.com
Nathanael,Daintier,ndaintier6m@bbb.org
Roberto,Mapis,rmapis6n@cocolog-nifty.com
Westbrooke,Strangman,wstrangman6o@technorati.com
Miranda,Farnhill,mfarnhill6p@mashable.com
Ashlin,O'Brallaghan,aobrallaghan6q@mayoclinic.com
Myrtle,Butterick,mbutterick6r@deviantart.com
Nicol,Sivorn,nsivorn6s@statcounter.com
Rockey,Vernham,rvernham6t@gnu.org
Janith,Kenafaque,jkenafaque6u@ft.com
Crosby,Gerant,cgerant6v@livejournal.com
Lauren,Cromett,lcromett6w@theguardian.com
Elianore,Ranken,eranken6x@addtoany.com
Zelig,Corbridge,zcorbridge6y@auda.org.au
Nerty,Sagg,nsagg6z@hatena.ne.jp
Fair,Burkman,fburkman70@un.org
Jud,Verty,jverty71@cmu.edu
Melantha,Tarr,mtarr72@bloomberg.com
Roderich,Jerrand,rjerrand73@so-net.ne.jp
Corbin,Agirre,cagirre74@msu.edu
Nicki,Clitsome,nclitsome75@tamu.edu
Elora,Blissitt,eblissitt76@soup.io
Jessalin,Durrand,jdurrand77@irs.gov
Mona,Osmon,mosmon78@kickstarter.com
Natale,Blaw,nblaw79@fc2.com
Woodie,Giddins,wgiddins7a@amazonaws.com
Susanne,Bogays,sbogays7b@mashable.com
Bertrando,Stratford,bstratford7c@businesswire.com
Leonore,Alton,lalton7d@joomla.org
Fania,Sant,fsant7e@mlb.com
Chucho,Filipponi,cfilipponi7f@booking.com
Dyna,Van Salzberger,dvansalzberger7g@smugmug.com
Karin,Cowing,kcowing7h@meetup.com
Hazel,Billingham,hbillingham7i@epa.gov
Cherie,Gulley,cgulley7j@discovery.com
Greer,Riccione,griccione7k@icio.us
Feodor,Billany,fbillany7l@spiegel.de
Padriac,Sycamore,psycamore7m@cam.ac.uk
Durward,Bertl,dbertl7n@businesswire.com
Tadio,Karadzas,tkaradzas7o@mac.com
Eunice,Abramow,eabramow7p@sfgate.com
Michaeline,Tregoning,mtregoning7q@skype.com
Sybil,Frangione,sfrangione7r@hibu.com
Jamal,McAllan,jmcallan7s@webnode.com
Ali,O'Connel,aoconnel7t@dot.gov
Sanders,Duiged,sduiged7u@cbc.ca
Alameda,Reece,areece7v@macromedia.com
Harman,Brevetor,hbrevetor7w@psu.edu
Stephen,Douse,sdouse7x@omniture.com
Adler,Flicker,aflicker7y@businessinsider.com
Lenee,Martelet,lmartelet7z@altervista.org
Putnam,Dickens,pdickens80@mayoclinic.com
Patric,Samwyse,psamwyse81@parallels.com
Reggi,Cramb,rcramb82@economist.com
Catriona,Ivashchenko,civashchenko83@tripadvisor.com
Harriet,Palmby,hpalmby84@deviantart.com
Gertruda,Sweetland,gsweetland85@sciencedaily.com
Mohammed,Llewhellin,mllewhellin86@forbes.com
Fae,Knibb,fknibb87@geocities.jp
Andre,Dufaur,adufaur88@usa.gov
Yancy,Mayward,ymayward89@umn.edu
Brennan,Cesconi,bcesconi8a@usgs.gov
Leigh,Chinnick,lchinnick8b@bloomberg.com
Dominica,Torregiani,dtorregiani8c@bandcamp.com
Trstram,Pulhoster,tpulhoster8d@amazon.com
Terrie,Zanre,tzanre8e@google.ru
Sven,Storton,sstorton8f@sourceforge.net
Teressa,Abramski,tabramski8g@ihg.com
Didi,Dalman,ddalman8h@cbc.ca
Bat,Burdekin,bburdekin8i@google.ru
Oona,Mucci,omucci8j@unblog.fr
Alfy,Sparks,asparks8k@discuz.net
Dani,Samter,dsamter8l@amazon.de
Tandi,Kleinholz,tkleinholz8m@people.com.cn
Leta,Madgwich,lmadgwich8n@dell.com
Dael,Leaning,dleaning8o@bloglovin.com
Errick,Malden,emalden8p@google.ca
Lulita,Tomney,ltomney8q@mapquest.com
Meade,Stiger,mstiger8r@sourceforge.net
Gene,Gudgion,ggudgion8s@admin.ch
Roger,Jarry,rjarry8t@cpanel.net
Rurik,Lambirth,rlambirth8u@qq.com
Micah,Kenner,mkenner8v@tuttocitta.it
Sarina,O' Byrne,sobyrne8w@deliciousdays.com
Frasier,Bindon,fbindon8x@nyu.edu
Becki,Bentinck,bbentinck8y@altervista.org
Raff,Pitchers,rpitchers8z@blogs.com
Ashbey,Sandiford,asandiford90@artisteer.com
Adams,Elgey,aelgey91@dailymotion.com
Davida,Hyrons,dhyrons92@instagram.com
Mersey,Adenot,madenot93@mozilla.org
Wolf,Flatman,wflatman94@1688.com
Mireille,Grise,mgrise95@businessweek.com
Colleen,Keaysell,ckeaysell96@slate.com
Shawna,Lemmon,slemmon97@slashdot.org
Clerkclaude,Malham,cmalham98@ed.gov
Roxy,Rentenbeck,rrentenbeck99@microsoft.com
Goldina,Flowith,gflowith9a@sun.com
Guthrie,Ness,gness9b@ameblo.jp
Flory,Petyankin,fpetyankin9c@bizjournals.com
Leonanie,Darcey,ldarcey9d@yahoo.co.jp
Romona,Caulwell,rcaulwell9e@indiatimes.com
Darcy,Sneezem,dsneezem9f@howstuffworks.com
Fred,Schouthede,fschouthede9g@cdc.gov
Marilee,Leguey,mleguey9h@ox.ac.uk
Milka,Pyson,mpyson9i@unesco.org
Justina,Kinman,jkinman9j@multiply.com
Erastus,Hierro,ehierro9k@timesonline.co.uk
Conrado,Currm,ccurrm9l@sakura.ne.jp
Anita,Tawse,atawse9m@va.gov
Rockie,Camous,rcamous9n@t.co
Cristine,Fries,cfries9o@disqus.com
Katerine,Menloe,kmenloe9p@instagram.com
Janna,Tomblin,jtomblin9q@psu.edu
Alexis,De Mattei,ademattei9r@gizmodo.com
Tobias,Halfpenny,thalfpenny9s@fastcompany.com
Sashenka,Wearden,swearden9t@house.gov
Lief,Bexon,lbexon9u@netscape.com
Hilarius,Gotts,hgotts9v@chronoengine.com
Inge,St Ledger,istledger9w@dyndns.org
Bo,Barette,bbarette9x@wisc.edu
Lincoln,Eyers,leyers9y@nymag.com
Phoebe,Reynish,preynish9z@clickbank.net
Dalli,Corzor,dcorzora0@omniture.com
Kettie,Lyttle,klyttlea1@theglobeandmail.com
Seymour,Edinborough,sedinborougha2@mozilla.org
Dulci,Caddies,dcaddiesa3@uol.com.br
Lucky,Lawday,llawdaya4@whitehouse.gov
Aguie,Bril,abrila5@buzzfeed.com
Ree,Baldwin,rbaldwina6@shinystat.com
Ceciley,Oran,corana7@mozilla.com
Cara,Dhennin,cdhennina8@devhub.com
Dyana,Foucher,dfouchera9@mlb.com
Lorianne,Tillyer,ltillyeraa@wired.com
Nappie,Burnett,nburnettab@cisco.com
Chelsey,Shank,cshankac@ow.ly
Merrielle,Duplan,mduplanad@nydailynews.com
Even,Rumming,erummingae@state.tx.us
Chandler,Knipe,cknipeaf@nasa.gov
Dot,Romanet,dromanetag@xinhuanet.com
Aldon,Thorius,athoriusah@artisteer.com
Bill,Pryn,bprynai@mysql.com
Efrem,Rannie,erannieaj@forbes.com
Denise,Devereu,ddevereuak@google.de
Netti,Seckom,nseckomal@phpbb.com
Sela,Bebb,sbebbam@yale.edu
Arin,Beazey,abeazeyan@wiley.com
Arlyne,McDonell,amcdonellao@networksolutions.com
Lucilia,Frend,lfrendap@businessweek.com
Gelya,Tanzig,gtanzigaq@infoseek.co.jp
Dorolice,Dews,ddewsar@ocn.ne.jp
Linzy,Wimbridge,lwimbridgeas@deviantart.com
Godard,Searight,gsearightat@themeforest.net
Charmaine,Rossetti,crossettiau@joomla.org
Annadiana,Straniero,astranieroav@gmpg.org
Barbra,Hallawell,bhallawellaw@msu.edu
Katlin,Waller-Bridge,kwallerbridgeax@163.com
Donnie,Somes,dsomesay@tumblr.com
Bidget,Batrick,bbatrickaz@mlb.com
Berthe,Walesby,bwalesbyb0@wisc.edu
Theo,Clyde,tclydeb1@webeden.co.uk
Ethelyn,Weblin,eweblinb2@wikipedia.org
Boote,Staynes,bstaynesb3@discovery.com
Liana,Sinderland,lsinderlandb4@discovery.com
Aurelie,Beniesh,abenieshb5@weather.com
Abbie,Chaff,achaffb6@alibaba.com
Evy,Parsonage,eparsonageb7@example.com
Ardra,McGebenay,amcgebenayb8@ibm.com
Granthem,Petche,gpetcheb9@cocolog-nifty.com
Cart,Fullylove,cfullyloveba@pen.io
Feodora,Braithwait,fbraithwaitbb@tinypic.com
Laurice,Kleinstern,lkleinsternbc@reverbnation.com
Shelli,Musslewhite,smusslewhitebd@timesonline.co.uk
Saudra,Firby,sfirbybe@livejournal.com
Penni,Steel,psteelbf@sogou.com
Florian,Prazer,fprazerbg@bizjournals.com
Colin,Padgett,cpadgettbh@ehow.com
Drusy,Robertot,drobertotbi@tumblr.com
Hanni,Shale,hshalebj@boston.com
Sidonnie,Kenaway,skenawaybk@mysql.com
Mohandis,Shillabeer,mshillabeerbl@google.com
Hilary,Gillitt,hgillittbm@exblog.jp
Rakel,Tremblett,rtremblettbn@redcross.org
Marijn,Wanstall,mwanstallbo@phpbb.com
Felisha,Pressdee,fpressdeebp@mapquest.com
Dalli,Stanborough,dstanboroughbq@privacy.gov.au
Belicia,Martell,bmartellbr@cpanel.net
Austen,Hanselmann,ahanselmannbs@pcworld.com
Dorine,Nowland,dnowlandbt@taobao.com
Kora,Tatam,ktatambu@msu.edu
Lillis,Judson,ljudsonbv@hao123.com
Ric,Drinkale,rdrinkalebw@wiley.com
Benito,Espinet,bespinetbx@dailymotion.com
Ericha,Heliet,ehelietby@merriam-webster.com
Tamma,Swash,tswashbz@unc.edu
Aime,Dimitresco,adimitrescoc0@yale.edu
Shellie,Clackson,sclacksonc1@fc2.com
Clarey,Maffione,cmaffionec2@bbb.org
Caye,D'Arrigo,cdarrigoc3@google.co.uk
Stanly,Harman,sharmanc4@google.es
Trueman,Pyer,tpyerc5@bloglovin.com
Parnell,Rookwell,prookwellc6@smh.com.au
Lacy,Ottee,lotteec7@creativecommons.org
Nahum,Gainor,ngainorc8@xinhuanet.com
Kym,Kadwallider,kkadwalliderc9@tripod.com
Jilli,Hampton,jhamptonca@mayoclinic.com
Egor,Calam,ecalamcb@admin.ch
Farris,Meekin,fmeekincc@imdb.com
Ram,Van Hault,rvanhaultcd@usda.gov
Hazel,Ianetti,hianettice@studiopress.com
Greer,Ryrie,gryriecf@china.com.cn
Cherlyn,Shireff,cshireffcg@answers.com
Adey,Tinson,atinsonch@twitter.com
Desirae,Godehard.sf,dgodehardsfci@diigo.com
Marillin,Vicar,mvicarcj@wunderground.com
Tildi,Gittins,tgittinsck@bloglines.com
Asher,Mulcock,amulcockcl@wikimedia.org
Sonya,Tuxell,stuxellcm@wufoo.com
Arda,Lamanby,alamanbycn@ca.gov
Remus,Zoellner,rzoellnerco@webnode.com
Prue,Erickssen,perickssencp@ucoz.ru
Tedi,Chipping,tchippingcq@deviantart.com
Alwyn,O' Kelleher,aokellehercr@instagram.com
Kelli,Pietruszka,kpietruszkacs@hhs.gov
Lionel,Mangeney,lmangeneyct@google.ca
Hannah,Keady,hkeadycu@walmart.com
Quinn,Hobbing,qhobbingcv@over-blog.com
Hilliary,Yele,hyelecw@scientificamerican.com
Tally,Mattek,tmattekcx@yale.edu
Jim,Hartington,jhartingtoncy@purevolume.com
Bogey,Spaxman,bspaxmancz@livejournal.com
Corabelle,Minster,cminsterd0@abc.net.au
Lia,Florez,lflorezd1@indiatimes.com
Brit,Gowrich,bgowrichd2@pagesperso-orange.fr
Austin,Mossman,amossmand3@t.co
Chase,Tedman,ctedmand4@networksolutions.com
Perceval,Lothlorien,plothloriend5@home.pl
Netti,Green,ngreend6@about.me
Lorine,Frantzen,lfrantzend7@comcast.net
Judas,Chirm,jchirmd8@intel.com
Thomasin,Woodhams,twoodhamsd9@tinyurl.com
Ronald,Clewes,rclewesda@nsw.gov.au
Artie,Ubank,aubankdb@cyberchimps.com
Gideon,Coal,gcoaldc@newyorker.com
Godwin,Hardacre,ghardacredd@geocities.com
Lilah,Camilleri,lcamilleride@arizona.edu
Job,Searight,jsearightdf@zimbio.com
Vinnie,Worsnap,vworsnapdg@purevolume.com
Leah,Cudworth,lcudworthdh@deliciousdays.com
Bekki,Hawley,bhawleydi@techcrunch.com
Patti,Stanmer,pstanmerdj@abc.net.au
Worthington,Laughlin,wlaughlindk@imgur.com
Nelle,Wordsley,nwordsleydl@wunderground.com
Shaina,Dunridge,sdunridgedm@merriam-webster.com
Lindi,Semmens,lsemmensdn@soup.io
Lothario,Stanway,lstanwaydo@bloglovin.com
Meghan,De Bischop,mdebischopdp@fema.gov
Esmaria,Bethell,ebethelldq@cloudflare.com
Elspeth,Ubanks,eubanksdr@chronoengine.com
Keen,Gately,kgatelyds@eventbrite.com
Noella,Bothams,nbothamsdt@example.com
Hanni,Blagbrough,hblagbroughdu@ed.gov
Stanley,Iddons,siddonsdv@ustream.tv
Pepillo,Sturney,psturneydw@tripod.com
Shantee,Smoughton,ssmoughtondx@nih.gov
Neel,Fernley,nfernleydy@newsvine.com
Meredith,Winborn,mwinborndz@sina.com.cn
Freeland,FitzAlan,ffitzalane0@geocities.com
Analiese,Keepence,akeepencee1@hc360.com
Helli,Brislawn,hbrislawne2@globo.com
Vinnie,Linny,vlinnye3@nps.gov
Tate,MacElane,tmacelanee4@woothemes.com
Gerty,Stedell,gstedelle5@joomla.org
Harriet,Tie,htiee6@scribd.com
Min,Carmichael,mcarmichaele7@mtv.com
Consalve,Avarne,cavarnee8@vimeo.com
Lorrie,Bartelot,lbartelote9@opera.com
Krystle,Weeks,kweeksea@nsw.gov.au
Fay,McCoish,fmccoisheb@ycombinator.com
Leann,Dulwich,ldulwichec@skype.com
Alexandro,Skeldon,askeldoned@bizjournals.com
Jaime,Dominguez,jdominguezee@taobao.com
Hoyt,Crocetto,hcrocettoef@yellowpages.com
Davidson,Rodenhurst,drodenhursteg@tamu.edu
Zonda,Gill,zgilleh@time.com
Charyl,Tibbotts,ctibbottsei@sourceforge.net
Rosemary,Winslade,rwinsladeej@cdbaby.com
Philippe,Jakubowski,pjakubowskiek@purevolume.com
Sabrina,Twatt,stwattel@noaa.gov
Rhody,Wagon,rwagonem@51.la
Tate,Gamble,tgambleen@bigcartel.com
Jeremias,Valente,jvalenteeo@webnode.com
Theodore,Vanini,tvaniniep@independent.co.uk
Bernarr,Avey,baveyeq@elegantthemes.com
Boote,Erwin,berwiner@jigsy.com
Marga,Scates,mscateses@4shared.com
Farrel,Morpeth,fmorpethet@boston.com
Janene,Coaker,jcoakereu@qq.com
Cherey,Daintier,cdaintierev@comsenz.com
Marleah,Arnaut,marnautew@microsoft.com
Catherine,Dorset,cdorsetex@free.fr
Hendrika,Seamons,hseamonsey@google.cn
Olympia,Gaspar,ogasparez@imdb.com
Friederike,Atwood,fatwoodf0@live.com
Sargent,McBean,smcbeanf1@live.com
Milton,Thresh,mthreshf2@tinyurl.com
Brander,Pareman,bparemanf3@baidu.com
Camey,Lankester,clankesterf4@diigo.com
Ashley,O'Breen,aobreenf5@joomla.org
Oliy,Torrijos,otorrijosf6@symantec.com
Giana,McGuiney,gmcguineyf7@phoca.cz
Sukey,Bostick,sbostickf8@berkeley.edu
Libbey,Trumpeter,ltrumpeterf9@sohu.com
Collin,Olenin,coleninfa@ucsd.edu
Kate,McGillivrie,kmcgillivriefb@msu.edu
Shadow,Skipp,sskippfc@youtube.com
Blane,Rudsdell,brudsdellfd@engadget.com
Gussi,Ludy,gludyfe@businesswire.com
Rebbecca,Hunday,rhundayff@cnn.com
Corrie,de Clerc,cdeclercfg@bbc.co.uk
Albie,Beards,abeardsfh@bigcartel.com
Raymund,Eglington,reglingtonfi@oracle.com
Ricardo,Easdon,reasdonfj@mit.edu
Farlie,Grenfell,fgrenfellfk@imdb.com
Kelsy,Burrells,kburrellsfl@ezinearticles.com
Constantine,Binner,cbinnerfm@netvibes.com
Huntlee,Goodwell,hgoodwellfn@sakura.ne.jp
Merell,McGaugie,mmcgaugiefo@lulu.com
Nata,Gladding,ngladdingfp@miitbeian.gov.cn
Latia,Ebbers,lebbersfq@wikipedia.org
Jourdan,Winkett,jwinkettfr@sbwire.com
Pepe,Grinyer,pgrinyerfs@furl.net
Millicent,Dumbelton,mdumbeltonft@microsoft.com
Jozef,Hum,jhumfu@xrea.com
Arleen,Wase,awasefv@imgur.com
Madelina,Tulloch,mtullochfw@netlog.com
Elmer,McCallion,emccallionfx@google.com.au
Rayner,Coker,rcokerfy@gov.uk
Dore,Mart,dmartfz@hibu.com
Marinna,Syson,msysong0@telegraph.co.uk
Gib,Howling,ghowlingg1@xing.com
Warden,Djokovic,wdjokovicg2@google.com.au
Timofei,Fulks,tfulksg3@amazon.com
Cal,Maxweell,cmaxweellg4@sciencedirect.com
Brittan,Blankett,bblankettg5@washington.edu
Farly,MacCrann,fmaccranng6@fema.gov
Stacey,Gilderoy,sgilderoyg7@princeton.edu
Oliy,Godbolt,ogodboltg8@tumblr.com
Carroll,Bedenham,cbedenhamg9@netscape.com
Henderson,Felgate,hfelgatega@wikimedia.org
Heidi,Enser,hensergb@upenn.edu
Lavinie,Dunan,ldunangc@a8.net
Illa,Buney,ibuneygd@wired.com
Wallie,Haighton,whaightonge@dailymail.co.uk
Dalis,McLucky,dmcluckygf@vk.com
Vonni,O'Harney,voharneygg@ed.gov
Lyndsay,Ruthen,lruthengh@symantec.com
Hubert,Castell,hcastellgi@washington.edu
Bobbye,Orbon,borbongj@yahoo.com
Traci,Wykes,twykesgk@dion.ne.jp
Marylee,Harbord,mharbordgl@cpanel.net
Case,O'Brallaghan,cobrallaghangm@google.ru
Giana,O'Duggan,goduggangn@blinklist.com
Dulce,Brownsill,dbrownsillgo@businessinsider.com
Bev,Vaughan,bvaughangp@tmall.com
Hodge,Hawken,hhawkengq@1und1.de
Mackenzie,Courtonne,mcourtonnegr@altervista.org
Huntlee,Keeting,hkeetinggs@naver.com
Ange,MacCrossan,amaccrossangt@blogger.com
Cassandry,Dumpleton,cdumpletongu@fastcompany.com
Cora,Chomley,cchomleygv@paginegialle.it
Gwyn,Lassen,glassengw@blogtalkradio.com
Brant,Detheridge,bdetheridgegx@cnbc.com
Allx,Matteo,amatteogy@istockphoto.com
Jory,Prendeguest,jprendeguestgz@jiathis.com
Alana,Karppi,akarppih0@alexa.com
Correy,Featherstonhaugh,cfeatherstonhaughh1@usnews.com
Jennine,Pringer,jpringerh2@un.org
Geralda,Stoeckle,gstoeckleh3@hao123.com
Montgomery,Dews,mdewsh4@cnet.com
Kalila,Tolerton,ktolertonh5@harvard.edu
Antony,Gration,agrationh6@auda.org.au
Isac,Velten,iveltenh7@google.com.br
Newton,Brisbane,nbrisbaneh8@chicagotribune.com
Darius,Rilings,drilingsh9@amazon.de
Lee,Sjollema,lsjollemaha@ezinearticles.com
Orville,Barreau,obarreauhb@redcross.org
Fredrick,Tomasicchio,ftomasicchiohc@gnu.org
Tiena,Dunbleton,tdunbletonhd@phoca.cz
Aloysius,Ivashinnikov,aivashinnikovhe@harvard.edu
Milli,Lumsdaine,mlumsdainehf@google.com.au
Britte,McClymond,bmcclymondhg@ucoz.ru
Esta,Hilary,ehilaryhh@examiner.com
Trumaine,Diss,tdisshi@earthlink.net
Boonie,Marie,bmariehj@wufoo.com
Cesaro,Morratt,cmorratthk@bizjournals.com
Legra,Birmingham,lbirminghamhl@slate.com
Camellia,Glasard,cglasardhm@networksolutions.com
Beulah,Dunklee,bdunkleehn@go.com
Jordan,Caudell,jcaudellho@scribd.com
Janna,MacKegg,jmackegghp@phoca.cz
Suzy,Odom,sodomhq@merriam-webster.com
Anita,Yepiskov,ayepiskovhr@geocities.com
Izzy,Lenox,ilenoxhs@google.es
Caryl,Helks,chelksht@latimes.com
Stephenie,Tomczak,stomczakhu@godaddy.com
Agnes,Macconachy,amacconachyhv@stumbleupon.com
Sauncho,Ruit,sruithw@shop-pro.jp
Currie,Rozzier,crozzierhx@typepad.com
Jamil,Jerrams,jjerramshy@intel.com
Harmon,Kelsey,hkelseyhz@senate.gov
Clarey,Way,cwayi0@webeden.co.uk
Cherilyn,Kindleside,ckindlesidei1@slate.com
Carlota,Binding,cbindingi2@walmart.com
Norrie,Cleall,nclealli3@tripadvisor.com
Livia,Wornham,lwornhami4@usda.gov
Jeni,Paal,jpaali5@nsw.gov.au
Clarisse,Vaar,cvaari6@cbslocal.com
Corey,Snook,csnooki7@zimbio.com
Glynn,Dagless,gdaglessi8@t-online.de
De witt,MacKartan,dmackartani9@homestead.com
Vittorio,Fattorini,vfattoriniia@eventbrite.com
Adeline,Tipton,atiptonib@stanford.edu
Junette,Vockings,jvockingsic@spotify.com
Devon,Zavattero,dzavatteroid@aboutads.info
Ilsa,MacDearmaid,imacdearmaidie@columbia.edu
Dosi,Drewell,ddrewellif@nifty.com
Heall,Keattch,hkeattchig@squarespace.com
Juieta,Woolfoot,jwoolfootih@yale.edu
Mariejeanne,O'Fihillie,mofihillieii@marriott.com
Jewelle,MacGaughie,jmacgaughieij@npr.org
Grove,Bredes,gbredesik@goodreads.com
Michele,Cheeld,mcheeldil@alexa.com
Cory,Funnell,cfunnellim@bloomberg.com
Zuzana,Paulot,zpaulotin@miibeian.gov.cn
Wally,Rusted,wrustedio@pcworld.com
Carney,Everit,ceveritip@symantec.com
Trace,Tinto,ttintoiq@clickbank.net
Birch,Musgrove,bmusgroveir@google.fr
Sonja,Clemes,sclemesis@pinterest.com
Harriette,Ginty,hgintyit@tamu.edu
Neall,Corless,ncorlessiu@xrea.com
Ruth,Edland,redlandiv@ted.com
Onfroi,Hebble,ohebbleiw@foxnews.com
Upton,Hucker,uhuckerix@nih.gov
Lynnette,Filon,lfiloniy@yolasite.com
Sande,Copestick,scopestickiz@furl.net
Natty,Yaknov,nyaknovj0@nymag.com
Melissa,Verryan,mverryanj1@sun.com
Erik,Broadway,ebroadwayj2@gmpg.org
Julina,Humphris,jhumphrisj3@jalbum.net
Juana,Klebes,jklebesj4@lycos.com
Licha,Browett,lbrowettj5@bbb.org
Dasi,Skain,dskainj6@twitter.com
Helaine,Akers,hakersj7@google.com.au
Matilde,Etuck,metuckj8@dyndns.org
Kaylyn,Iannelli,kiannellij9@cbslocal.com
Buck,Dench,bdenchja@washingtonpost.com
Jason,Goade,jgoadejb@a8.net
Johannes,Vallentin,jvallentinjc@ameblo.jp
Godwin,Newcome,gnewcomejd@constantcontact.com
Roderigo,Vorley,rvorleyje@dyndns.org
Otis,Legister,olegisterjf@auda.org.au
Imogene,Alejandri,ialejandrijg@plala.or.jp
Ahmed,Gruszecki,agruszeckijh@vinaora.com
Carl,Escalera,cescaleraji@ihg.com
Phip,Mertsching,pmertschingjj@aol.com
Florance,Obbard,fobbardjk@ning.com
Camel,McCarrick,cmccarrickjl@rediff.com
Gillie,Qusklay,gqusklayjm@utexas.edu
Stanwood,Aylmer,saylmerjn@paginegialle.it
Ellen,Worshall,eworshalljo@naver.com
Northrup,Dennistoun,ndennistounjp@army.mil
Alfi,Yeoland,ayeolandjq@sogou.com
Desmond,Pittson,dpittsonjr@tinyurl.com
Galvin,Sharpous,gsharpousjs@state.gov
Meriel,Dawidman,mdawidmanjt@ow.ly
Sosanna,Wimpeney,swimpeneyju@ehow.com
Pembroke,Berard,pberardjv@about.me
Lauraine,Fellgate,lfellgatejw@cafepress.com
Reynolds,Flute,rflutejx@cisco.com
Corabel,Gammell,cgammelljy@rediff.com
Katerina,Hixson,khixsonjz@angelfire.com
Bail,Prise,bprisek0@qq.com
Berny,Diack,bdiackk1@state.tx.us
Meara,Pendre,mpendrek2@tinypic.com
Jillie,Basley,jbasleyk3@comsenz.com
Farra,Abramowitch,fabramowitchk4@shinystat.com
Ardeen,Avramovic,aavramovick5@umn.edu
Tom,Sparshott,tsparshottk6@posterous.com
Retha,Joost,rjoostk7@163.com
Roy,Canero,rcanerok8@ebay.com
Zuzana,Flaverty,zflavertyk9@noaa.gov
Victor,Duigenan,vduigenanka@abc.net.au
Warde,Gelly,wgellykb@guardian.co.uk
Marjie,Brient,mbrientkc@merriam-webster.com
Raynor,Greenan,rgreenankd@economist.com
Magnum,Garr,mgarrke@sbwire.com
Abelard,Davenall,adavenallkf@wiley.com
Justinn,Evelyn,jevelynkg@wix.com
Etienne,McLanachan,emclanachankh@ft.com
Ursuline,March,umarchki@cnbc.com
Price,Poltone,ppoltonekj@ox.ac.uk
Ceil,Hebble,chebblekk@constantcontact.com
Cloe,Welford,cwelfordkl@nymag.com
Tibold,Bendix,tbendixkm@chronoengine.com
Giovanna,Mayworth,gmayworthkn@instagram.com
Sig,Matzeitis,smatzeitisko@sitemeter.com
Sandor,Beames,sbeameskp@bing.com
Jermaine,Olenchikov,jolenchikovkq@so-net.ne.jp
Michele,Canedo,mcanedokr@tumblr.com
Tarra,Gatty,tgattyks@squidoo.com
Nathan,Cripwell,ncripwellkt@umich.edu
Farlee,McKinnon,fmckinnonku@intel.com
Jenda,Bovis,jboviskv@eventbrite.com
Nicoli,Bellefant,nbellefantkw@miibeian.gov.cn
Justis,Gallanders,jgallanderskx@jimdo.com
Janey,Angless,janglessky@reuters.com
Addy,Kintish,akintishkz@google.cn
Willy,MacCosto,wmaccostol0@digg.com
Sharia,Fetherstan,sfetherstanl1@skyrock.com
Thorn,Rattenberie,trattenberiel2@youtube.com
Ardis,Matveichev,amatveichevl3@parallels.com
Humphrey,Djuricic,hdjuricicl4@bravesites.com
Charisse,Musgrove,cmusgrovel5@hubpages.com
Timmy,Joysey,tjoyseyl6@howstuffworks.com
Hilda,Carhart,hcarhartl7@bandcamp.com
Stephanus,Orgen,sorgenl8@devhub.com
Robinia,McIlvenna,rmcilvennal9@usatoday.com
Murdoch,Creswell,mcreswellla@fotki.com
Gale,Shobrook,gshobrooklb@dailymail.co.uk
Hieronymus,Tow,htowlc@fotki.com
Henrietta,Strickland,hstricklandld@npr.org
Tucky,De Laci,tdelacile@github.com
Ruthie,Ramelot,rramelotlf@hubpages.com
Pooh,Gates,pgateslg@google.cn
Cyndi,Cleen,ccleenlh@elpais.com
Evania,Cheese,echeeseli@weebly.com
Thebault,Houseman,thousemanlj@sina.com.cn
Caleb,Riveles,criveleslk@usatoday.com
Corbett,Bottleson,cbottlesonll@bloglines.com
Mychal,Kedward,mkedwardlm@360.cn
Simon,Bibby,sbibbyln@gov.uk
Judith,Goane,jgoanelo@yellowpages.com
Donny,Deadman,ddeadmanlp@state.gov
Luciana,Godlee,lgodleelq@lycos.com
Cornell,Ringwood,cringwoodlr@nbcnews.com
Onofredo,Overshott,oovershottls@themeforest.net
Darda,Chaloner,dchalonerlt@163.com
Tracey,Jacobi,tjacobilu@elegantthemes.com
Evie,Ablitt,eablittlv@furl.net
Shina,Coatsworth,scoatsworthlw@marketwatch.com
Geoff,Coulsen,gcoulsenlx@cpanel.net
Delinda,Pickerin,dpickerinly@squarespace.com
Sharron,Brake,sbrakelz@goodreads.com
Bald,Gething,bgethingm0@list-manage.com
Jay,Manssuer,jmanssuerm1@list-manage.com
Raul,MacAnellye,rmacanellyem2@sfgate.com
Birgit,Haryngton,bharyngtonm3@symantec.com
Brandais,Cull,bcullm4@odnoklassniki.ru
Bobette,Dunlap,bdunlapm5@yelp.com
Dominica,Burdett,dburdettm6@pinterest.com
Lorry,Wissbey,lwissbeym7@walmart.com
Cati,Thorndale,cthorndalem8@virginia.edu
Maxi,Malyon,mmalyonm9@ted.com
Jermaine,Abdee,jabdeema@xrea.com
Wiatt,Clerke,wclerkemb@123-reg.co.uk
Devan,Cable,dcablemc@lycos.com
Idalia,Huison,ihuisonmd@nifty.com
Archaimbaud,Presland,apreslandme@nature.com
Lenore,Smethurst,lsmethurstmf@cloudflare.com
Arney,Welden,aweldenmg@squidoo.com
Raphaela,Gariff,rgariffmh@rakuten.co.jp
Axe,Gumm,agummmi@topsy.com
Rob,Carrabot,rcarrabotmj@google.es
Thibaud,Janca,tjancamk@msu.edu
Lucienne,Eskriet,leskrietml@ebay.com
Jaquelin,Orbell,jorbellmm@noaa.gov
Lidia,Blumfield,lblumfieldmn@usnews.com
Inger,Chessil,ichessilmo@wordpress.com
Binni,Bare,bbaremp@ebay.com
Creight,Bernardino,cbernardinomq@craigslist.org
Maribeth,Wingate,mwingatemr@livejournal.com
Levon,Bareham,lbarehamms@usda.gov
Costa,Affuso,caffusomt@vkontakte.ru
Rani,Bilofsky,rbilofskymu@hibu.com
Annabel,Sandbatch,asandbatchmv@mayoclinic.com
Ephrayim,Engley,eengleymw@eepurl.com
Matias,Blesli,mbleslimx@spiegel.de
Charlie,Bhatia,cbhatiamy@liveinternet.ru
Domeniga,Jeffs,djeffsmz@ow.ly
Huberto,Rosita,hrositan0@theatlantic.com
Fernandina,Brahms,fbrahmsn1@reference.com
Sheridan,Band,sbandn2@usgs.gov
Wainwright,Dummett,wdummettn3@constantcontact.com
Lindsey,Macartney,lmacartneyn4@hatena.ne.jp
Margot,Sprackling,mspracklingn5@yelp.com
Saba,Fussen,sfussenn6@rakuten.co.jp
Charmine,Tanser,ctansern7@histats.com
Monah,Cash,mcashn8@typepad.com
Jocko,Blanchard,jblanchardn9@ovh.net
Beauregard,Laughnan,blaughnanna@t.co
Leonardo,Coonihan,lcoonihannb@techcrunch.com
Joachim,Waight,jwaightnc@t-online.de
Corena,Double,cdoublend@creativecommons.org
Farica,Megahey,fmegaheyne@symantec.com
Jeniffer,Hender,jhendernf@weather.com
Sheba,Abramski,sabramsking@shareasale.com
Sonja,Skule,sskulenh@wp.com
Nelson,Mallaby,nmallabyni@sfgate.com
Redford,Gantzman,rgantzmannj@globo.com
Mandel,Kellick,mkellicknk@webmd.com
Enrika,Jenicek,ejeniceknl@altervista.org
Aindrea,Wabe,awabenm@360.cn
Cherilyn,Collimore,ccollimorenn@chron.com
Devy,Copsey,dcopseyno@cnbc.com
Parrnell,McTrustram,pmctrustramnp@phpbb.com
Dulcine,Gritland,dgritlandnq@dailymotion.com
Tannie,Cavy,tcavynr@ox.ac.uk
Pooh,Hellings,phellingsns@webmd.com
Jerrylee,Frewer,jfrewernt@wikimedia.org
Rebecka,Drinan,rdrinannu@godaddy.com
Spense,Papps,spappsnv@sitemeter.com
Natale,Cable,ncablenw@cpanel.net
Florry,McGloin,fmcgloinnx@wiley.com
Isidro,Pringley,ipringleyny@eventbrite.com
Akim,Burgott,aburgottnz@bbc.co.uk
Dieter,Sarver,dsarvero0@photobucket.com
Fairfax,Cuddehy,fcuddehyo1@mayoclinic.com
Eadith,Trymme,etrymmeo2@engadget.com
Jared,Shotter,jshottero3@digg.com
Coleman,Cowderay,ccowderayo4@google.de
Naoma,Josey,njoseyo5@ow.ly
Obed,Butchart,obutcharto6@tamu.edu
Worth,Clem,wclemo7@diigo.com
Goraud,Simkovich,gsimkovicho8@edublogs.org
Melissa,Oran,morano9@sakura.ne.jp
Jaine,Keri,jkerioa@uiuc.edu
Gerri,Leedal,gleedalob@slate.com
Galvin,Piser,gpiseroc@samsung.com
Elenore,Shoulders,eshouldersod@alexa.com
Faith,Studders,fstuddersoe@google.co.jp
Frederica,Base,fbaseof@nba.com
Mic,Whitefoot,mwhitefootog@youku.com
Ferdy,Powton,fpowtonoh@devhub.com
Rheba,Catton,rcattonoi@domainmarket.com
Kylynn,Farquar,kfarquaroj@istockphoto.com
Billye,Tull,btullok@mtv.com
Shani,Evenden,sevendenol@yahoo.com
Bibi,Pyrah,bpyrahom@fc2.com
Erek,Ethington,eethingtonon@dyndns.org
Jade,Dallimare,jdallimareoo@people.com.cn
Reinwald,Jain,rjainop@xing.com
Alden,Singleton,asingletonoq@omniture.com
Eleanora,Flippini,eflippinior@e-recht24.de
Leelah,Deluca,ldelucaos@nasa.gov
Cicely,Eates,ceatesot@google.com.br
Gerhard,Wincott,gwincottou@uiuc.edu
Timmie,Esel,teselov@sourceforge.net
Lyle,Battman,lbattmanow@sakura.ne.jp
Sidoney,Awty,sawtyox@scientificamerican.com
Chere,Thoumas,cthoumasoy@ezinearticles.com
Ozzie,Szach,oszachoz@wikimedia.org
Marcelle,Ullock,mullockp0@mapquest.com
Pepillo,Djurkovic,pdjurkovicp1@gov.uk
Lothario,Gouch,lgouchp2@moonfruit.com
Allegra,Enderlein,aenderleinp3@reddit.com
Blanche,Kurth,bkurthp4@chron.com
Elisabeth,MacDougal,emacdougalp5@npr.org
Rebecca,Chestney,rchestneyp6@typepad.com
Gearard,Varcoe,gvarcoep7@latimes.com
Meggi,Kubica,mkubicap8@army.mil
Levi,Baxill,lbaxillp9@ycombinator.com
Madge,Kuschke,mkuschkepa@ezinearticles.com
Obediah,Makepeace,omakepeacepb@etsy.com
Meredith,Smitherham,msmitherhampc@symantec.com
Torrey,Bolmann,tbolmannpd@shutterfly.com
Helli,Chiese,hchiesepe@samsung.com
Maggi,Gymblett,mgymblettpf@scientificamerican.com
Bartholomew,Waggitt,bwaggittpg@seattletimes.com
Cy,Lawry,clawryph@techcrunch.com
Francesca,Arch,farchpi@webeden.co.uk
Brandtr,Barthelme,bbarthelmepj@spiegel.de
Ashley,Kilalea,akilaleapk@hugedomains.com
Aldrich,Swinn,aswinnpl@walmart.com
Kris,Gerner,kgernerpm@bbb.org
Denis,Saice,dsaicepn@unicef.org
Ketti,Oxe,koxepo@oracle.com
Roda,Allcorn,rallcornpp@wikipedia.org
Valaree,Jansema,vjansemapq@skyrock.com
Paulie,Rollett,prollettpr@howstuffworks.com
Carlee,Cordey,ccordeyps@gov.uk
Matthieu,Seaborne,mseabornept@berkeley.edu
Karly,Webb,kwebbpu@posterous.com
Babbette,Greenalf,bgreenalfpv@aboutads.info
Cheslie,Theunissen,ctheunissenpw@plala.or.jp
Urson,Beauchop,ubeauchoppx@dailymotion.com
Windham,Wallbutton,wwallbuttonpy@ifeng.com
Hinda,Gout,hgoutpz@tuttocitta.it
Fabiano,Everiss,feverissq0@1und1.de
Nerissa,Ruddin,nruddinq1@exblog.jp
Claudette,Pittwood,cpittwoodq2@usgs.gov
Heywood,Pavlishchev,hpavlishchevq3@howstuffworks.com
Osmund,Thoma,othomaq4@jimdo.com
Terrye,Thurlborn,tthurlbornq5@illinois.edu
Rhody,Stoneman,rstonemanq6@shinystat.com
Danit,Sowthcote,dsowthcoteq7@usatoday.com
Flory,Jamison,fjamisonq8@youtube.com
Ellynn,Labusquiere,elabusquiereq9@statcounter.com
Blondelle,Gearty,bgeartyqa@yale.edu
Taite,Rojel,trojelqb@theguardian.com
Mignonne,Quinney,mquinneyqc@oakley.com
Cary,Spritt,csprittqd@nbcnews.com
Charmain,Trace,ctraceqe@canalblog.com
Benjie,Bramsom,bbramsomqf@cbc.ca
Angus,Waddington,awaddingtonqg@wikispaces.com
Jud,Gomery,jgomeryqh@hubpages.com
Maren,Edison,medisonqi@google.com.au
Barney,Polk,bpolkqj@sfgate.com
Kerk,Fishlock,kfishlockqk@bravesites.com
Hannah,Jumel,hjumelql@paginegialle.it
Jo,Lamasna,jlamasnaqm@tinypic.com
Rutger,Newlyn,rnewlynqn@vimeo.com
Jerrine,Woolward,jwoolwardqo@bing.com
Belita,Shubotham,bshubothamqp@auda.org.au
Aliza,Donati,adonatiqq@sbwire.com
Darnall,Muddimer,dmuddimerqr@tripod.com
Kippy,Pfertner,kpfertnerqs@netvibes.com
Meghan,Ramirez,mramirezqt@thetimes.co.uk
Phyllys,Redmire,predmirequ@alexa.com
Michelina,Waind,mwaindqv@domainmarket.com
Fonz,Gloy,fgloyqw@posterous.com
Carita,Dudden,cduddenqx@mail.ru
Deana,Aronovitz,daronovitzqy@jigsy.com
Dinny,Rivallant,drivallantqz@google.cn
Royall,O' Brian,robrianr0@shinystat.com
Arni,Joddens,ajoddensr1@salon.com
Alonzo,MacMickan,amacmickanr2@about.com
Chere,Damrel,cdamrelr3@yandex.ru
Anjela,Kingerby,akingerbyr4@sitemeter.com
Erich,Dysart,edysartr5@narod.ru
Sheila-kathryn,Decreuze,sdecreuzer6@feedburner.com
Sergeant,Healy,shealyr7@wufoo.com
Lia,Siemianowicz,lsiemianowiczr8@hhs.gov
Karyl,Wholesworth,kwholesworthr9@imageshack.us
Daniel,McQuaide,dmcquaidera@mozilla.org
Gertrud,Glazzard,gglazzardrb@xrea.com
Hendrika,Graal,hgraalrc@friendfeed.com
Jarib,Cupitt,jcupittrd@bandcamp.com
Kristal,Fittis,kfittisre@fc2.com
Nestor,Leneham,nlenehamrf@mlb.com
Franny,Lisett,flisettrg@usa.gov
Horst,Caughtry,hcaughtryrh@stanford.edu
Caresse,Rubes,crubesri@yolasite.com
Julianna,Bladesmith,jbladesmithrj@slate.com
Myrwyn,Lockwood,mlockwoodrk@wired.com
Brooks,Cunnow,bcunnowrl@elpais.com
Pia,Wortley,pwortleyrm@whitehouse.gov
Marya,Fernando,mfernandorn@amazon.de
Kermy,Sant,ksantro@hexun.com
Minette,Chartres,mchartresrp@alibaba.com
Karlens,Ollerearnshaw,kollerearnshawrq@taobao.com
Rowland,Grattage,rgrattagerr@businessinsider.com
