Templeton,Stagg,tstagg0@devhub.com
Karita,O'Shevlin,koshevlin1@nba.com
Cynde,Cale,ccale2@deliciousdays.com
Cordelia,Butcher,cbutcher3@china.com.cn
Heindrick,Bemand,hbemand4@imgur.com
Yehudit,Sill,ysill5@i2i.jp
Bili,Chadbourn,bchadbourn6@dmoz.org
Gerrard,Churcher,gchurcher7@cnbc.com
Rabi,Dunford,rdunford8@tmall.com
Helene,Dalgardno,hdalgardno9@vimeo.com
Arabela,Jeenes,ajeenesa@exblog.jp
Ferne,Sanford,fsanfordb@mysql.com
Craig,Extall,cextallc@csmonitor.com
Haywood,Emlen,hemlend@google.com.hk
Averell,Inder,aindere@a8.net
Krisha,Dougary,kdougaryf@hp.com
Inge,Baldree,ibaldreeg@eventbrite.com
Robin,Ashenhurst,rashenhursth@ameblo.jp
Patton,Juppe,pjuppei@sbwire.com
Krista,Kearney,kkearneyj@gravatar.com
Rani,Beales,rbealesk@answers.com
Sumner,Wass,swassl@hao123.com
Care,Beaumont,cbeaumontm@adobe.com
Gwenore,Lidgate,glidgaten@arstechnica.com
Hasheem,Hinckley,hhinckleyo@dell.com
Iver,Coan,icoanp@google.de
Leonelle,Hardy-Piggin,lhardypigginq@istockphoto.com
Ginger,Feek,gfeekr@drupal.org
Maudie,Dourin,mdourins@msn.com
Albert,Visco,aviscot@4shared.com
Alejoa,Nazair,anazairu@addthis.com
Harrietta,Tomaschke,htomaschkev@shareasale.com
Katy,Chominski,kchominskiw@jimdo.com
Irina,Dungey,idungeyx@techcrunch.com
Dagny,Santen,dsanteny@flavors.me
Jennifer,Ditts,jdittsz@photobucket.com
Berkley,Ast,bast10@yale.edu
Corabella,Coburn,ccoburn11@arizona.edu
Lucilia,Agus,lagus12@blogspot.com
Joanna,Andrysiak,jandrysiak13@diigo.com
Read,Phillips,rphillips14@nbcnews.com
Alvin,McCaighey,amccaighey15@dailymotion.com
Gayleen,Neesham,gneesham16@indiegogo.com
Katuscha,Monnery,kmonnery17@salon.com
Dori,Jeckell,djeckell18@t-online.de
Starlin,Cella,scella19@forbes.com
Deina,Tregensoe,dtregensoe1a@pbs.org
Eduard,Piotrowski,epiotrowski1b@ehow.com
Hetty,Eckersall,heckersall1c@issuu.com
Stanton,Flintoffe,sflintoffe1d@zimbio.com
Kimmie,Wignall,kwignall1e@posterous.com
Sayres,Mayworth,smayworth1f@artisteer.com
Nikki,Puttnam,nputtnam1g@gravatar.com
Adlai,Derr,aderr1h@scribd.com
Wileen,Ferrick,wferrick1i@tripod.com
Edmund,Cleynman,ecleynman1j@vinaora.com
Garrick,Paraman,gparaman1k@examiner.com
Tara,Motion,tmotion1l@ebay.co.uk
Israel,Ollenbuttel,iollenbuttel1m@mapquest.com
Erinn,Sewell,esewell1n@imgur.com
Rhoda,Bessell,rbessell1o@cisco.com
Waverly,Allcoat,wallcoat1p@oracle.com
Tamarah,Privost,tprivost1q@cnbc.com
Farr,Fleisch,ffleisch1r@phoca.cz
Cirillo,Banford,cbanford1s@unblog.fr
Kleon,Ponceford,kponceford1t@pen.io
Gerladina,Raiston,graiston1u@samsung.com
Deloris,Botten,dbotten1v@facebook.com
Rolando,Boothe,rboothe1w@i2i.jp
Kenyon,Normanvell,knormanvell1x@youku.com
Karyl,Glauber,kglauber1y@businessinsider.com
Stephannie,Nutkins,snutkins1z@xrea.com
Randi,Dumbreck,rdumbreck20@scribd.com
Keri,O'Riordan,koriordan21@google.es
Zane,Scraggs,zscraggs22@tripadvisor.com
Edythe,Sparrow,esparrow23@webnode.com
Amory,Franzelini,afranzelini24@feedburner.com
Carline,Ingry,cingry25@feedburner.com
Malorie,Kenen,mkenen26@over-blog.com
Cece,Martinetto,cmartinetto27@unblog.fr
Yevette,Reap,yreap28@upenn.edu
Allene,Castrillo,acastrillo29@mapy.cz
Cyndie,Maypowder,cmaypowder2a@sphinn.com
Ottilie,McEwen,omcewen2b@nps.gov
Cheri,Pariso,cpariso2c@fema.gov
Eadmund,Bleything,ebleything2d@reference.com
Elmer,Garrett,egarrett2e@who.int
Jamey,Stode,jstode2f@apple.com
Sam,Ibbeson,sibbeson2g@webmd.com
Pandora,Osban,posban2h@addtoany.com
Jordan,Shoute,jshoute2i@disqus.com
Anya,Burchett,aburchett2j@ft.com
Kristoforo,Baverstock,kbaverstock2k@stumbleupon.com
Yoko,Tomaszczyk,ytomaszczyk2l@go.com
Katrine,Giorgione,kgiorgione2m@usgs.gov
Yance,Dewane,ydewane2n@ed.gov
Sapphire,Conelly,sconelly2o@goo.gl
Amara,Segges,asegges2p@mozilla.com
Lindsey,Sandells,lsandells2q@163.com
Tish,Maxsted,tmaxsted2r@senate.gov
Marinna,Berge,mberge2s@imageshack.us
Gisella,Gouth,ggouth2t@ebay.com
Melly,Luxmoore,mluxmoore2u@businessinsider.com
Gorden,De Bruyne,gdebruyne2v@amazonaws.com
Dulcine,Vian,dvian2w@hubpages.com
Scottie,Morville,smorville2x@pbs.org
Rosette,Paulig,rpaulig2y@accuweather.com
Barde,Ebourne,bebourne2z@wiley.com
Danny,Rodmell,drodmell30@imgur.com
Jorge,Ginty,jginty31@360.cn
Althea,Trenoweth,atrenoweth32@prlog.org
Thorny,MacArthur,tmacarthur33@sina.com.cn
Roobbie,Backe,rbacke34@hibu.com
Levy,Smithers,lsmithers35@sohu.com
Christel,Conlaund,cconlaund36@histats.com
Rene,Hambrook,rhambrook37@macromedia.com
Nadya,Elix,nelix38@columbia.edu
Noell,Rowett,nrowett39@usa.gov
Celestyn,Guinnane,cguinnane3a@salon.com
Adriana,Elderbrant,aelderbrant3b@mac.com
Jada,Tadd,jtadd3c@addthis.com
Ezechiel,Dunster,edunster3d@yahoo.co.jp
Tadeo,Raphael,traphael3e@huffingtonpost.com
Christean,Chaudhry,cchaudhry3f@dion.ne.jp
Leelah,Hegdonne,lhegdonne3g@flavors.me
Andras,Victory,avictory3h@nbcnews.com
Heidi,Girk,hgirk3i@abc.net.au
Cass,Sanchis,csanchis3j@senate.gov
Gallard,Bohl,gbohl3k@epa.gov
Clem,Glewe,cglewe3l@hatena.ne.jp
Rebecka,Alekseicik,ralekseicik3m@berkeley.edu
Gilemette,Dudmesh,gdudmesh3n@i2i.jp
Dael,Ekell,dekell3o@addtoany.com
Iosep,Blastock,iblastock3p@alibaba.com
Rodolfo,Brims,rbrims3q@cnn.com
Si,McQuirk,smcquirk3r@meetup.com
Brien,Deverale,bdeverale3s@cornell.edu
Dene,Brayford,dbrayford3t@slideshare.net
Tonnie,Highton,thighton3u@nasa.gov
Gawain,Arlow,garlow3v@admin.ch
Webb,Blumsom,wblumsom3w@altervista.org
Almeta,Shepcutt,ashepcutt3x@hatena.ne.jp
Cicely,Hasselby,chasselby3y@netvibes.com
Zebadiah,Walshaw,zwalshaw3z@admin.ch
Paul,Banner,pbanner40@artisteer.com
Read,Blythe,rblythe41@utexas.edu
Angelia,Cortes,acortes42@bloglovin.com
Karia,Pavia,kpavia43@ezinearticles.com
Marcella,Rasor,mrasor44@wired.com
Christian,Kleehuhler,ckleehuhler45@woothemes.com
Vickie,Saberton,vsaberton46@tmall.com
Dannel,Densham,ddensham47@friendfeed.com
Mariska,Wraight,mwraight48@163.com
Cybill,Pandya,cpandya49@topsy.com
Petronella,Crossman,pcrossman4a@rediff.com
Goldi,Reedyhough,greedyhough4b@nsw.gov.au
Maurene,Kloster,mkloster4c@yellowbook.com
Eadie,Cowdry,ecowdry4d@yolasite.com
Hughie,Drance,hdrance4e@google.co.uk
Jana,Caple,jcaple4f@sciencedirect.com
Priscilla,Dun,pdun4g@cam.ac.uk
Rick,MacAskill,rmacaskill4h@prnewswire.com
Korella,Tows,ktows4i@google.fr
Gelya,Oosthout de Vree,goosthoutdevree4j@mlb.com
Rickie,Ducker,rducker4k@sina.com.cn
Calvin,Parlor,cparlor4l@alibaba.com
Panchito,De Brett,pdebrett4m@dot.gov
Tymon,Chaffe,tchaffe4n@wordpress.org
Thorsten,Fishpoole,tfishpoole4o@zdnet.com
Edwin,Chirm,echirm4p@scientificamerican.com
Chrissie,Toten,ctoten4q@comcast.net
Isabeau,Richardsson,irichardsson4r@drupal.org
Olin,Maykin,omaykin4s@dedecms.com
Noach,Dundon,ndundon4t@washingtonpost.com
Bryanty,Lecount,blecount4u@slideshare.net
Zorana,Downing,zdowning4v@nationalgeographic.com
Mick,Webb,mwebb4w@over-blog.com
Marcella,Abella,mabella4x@bloglines.com
Latrina,Carrack,lcarrack4y@stumbleupon.com
Dominic,Manon,dmanon4z@washington.edu
Gibby,Tadman,gtadman50@prnewswire.com
Ase,Pitkeathly,apitkeathly51@ask.com
Karrah,Denny,kdenny52@ox.ac.uk
Payton,MacSween,pmacsween53@google.ca
Tobiah,MacGille,tmacgille54@archive.org
De witt,Cundy,dcundy55@theglobeandmail.com
Guenevere,Hanmore,ghanmore56@mozilla.com
Theodosia,Salsbury,tsalsbury57@soup.io
Marcelo,Rubens,mrubens58@mapy.cz
Gavrielle,Revington,grevington59@weibo.com
Josselyn,Shinn,jshinn5a@biblegateway.com
Rosanna,Raff,rraff5b@redcross.org
Tracy,Sanders,tsanders5c@elegantthemes.com
Delinda,Denisard,ddenisard5d@privacy.gov.au
Atalanta,Merrywether,amerrywether5e@hubpages.com
Rosy,Saffell,rsaffell5f@cmu.edu
Consolata,Sewill,csewill5g@smh.com.au
Laurice,Sculley,lsculley5h@sohu.com
Raphael,Bartali,rbartali5i@shinystat.com
Jana,Camier,jcamier5j@imgur.com
Lory,Paris,lparis5k@gmpg.org
Clifford,Over,cover5l@123-reg.co.uk
Nicola,Vaggers,nvaggers5m@cargocollective.com
Emmye,Blagburn,eblagburn5n@cnet.com
Oralie,Swynley,oswynley5o@disqus.com
Eimile,Beccera,ebeccera5p@people.com.cn
Aliza,Windley,awindley5q@vk.com
Dianna,Barkus,dbarkus5r@cocolog-nifty.com
Fields,Dunkirk,fdunkirk5s@google.com.au
Ferdinande,Sieghart,fsieghart5t@blogspot.com
Wyatan,Hovert,whovert5u@theglobeandmail.com
Guillermo,Bangham,gbangham5v@bandcamp.com
Shirley,Leathley,sleathley5w@huffingtonpost.com
Ilyse,Plows,iplows5x@hubpages.com
Misti,Whellams,mwhellams5y@globo.com
Davie,Golton,dgolton5z@artisteer.com
Dell,De Minico,ddeminico60@google.cn
Fax,Whitcombe,fwhitcombe61@webeden.co.uk
Tannie,Halsho,thalsho62@cdbaby.com
Rutledge,Tungate,rtungate63@ask.com
Edouard,Glencrash,eglencrash64@devhub.com
Ebeneser,Paty,epaty65@youku.com
Leonanie,Paddon,lpaddon66@amazon.com
Nessy,Farress,nfarress67@icq.com
Nanine,Donson,ndonson68@salon.com
Marcel,Dannatt,mdannatt69@intel.com
Jeffie,McNeely,jmcneely6a@edublogs.org
June,Leythley,jleythley6b@telegraph.co.uk
Levey,Blakebrough,lblakebrough6c@creativecommons.org
Menard,Ewbanke,mewbanke6d@sfgate.com
Neel,Neads,nneads6e@cargocollective.com
Elga,Owthwaite,eowthwaite6f@51.la
Linc,Bossom,lbossom6g@weebly.com
Jacintha,Glew,jglew6h@narod.ru
Jemima,Bartell,jbartell6i@ifeng.com
Reggis,Shallcross,rshallcross6j@forbes.com
Pierre,Vero,pvero6k@icio.us
Carmella,Gillmore,cgillmore6l@hhs.gov
Candace,Cudbird,ccudbird6m@cnn.com
Zsazsa,Bohler,zbohler6n@shutterfly.com
Cherice,Thickens,cthickens6o@trellian.com
Tatum,Aikenhead,taikenhead6p@myspace.com
Briano,Dole,bdole6q@opera.com
Rozamond,Tousey,rtousey6r@house.gov
Allin,Vitet,avitet6s@apple.com
Veriee,Edgecumbe,vedgecumbe6t@over-blog.com
Torr,Stanlike,tstanlike6u@ebay.com
Cordie,Druitt,cdruitt6v@chron.com
Redd,Tocher,rtocher6w@washington.edu
Kelwin,Caruth,kcaruth6x@java.com
Ethelbert,Paternoster,epaternoster6y@dell.com
Rozanna,Livingston,rlivingston6z@t.co
Smith,Fiddian,sfiddian70@sakura.ne.jp
Lorilee,Grimwade,lgrimwade71@bigcartel.com
Jacinta,Maynell,jmaynell72@cbsnews.com
Dore,Lindgren,dlindgren73@cdc.gov
Huberto,Tapsell,htapsell74@epa.gov
Koral,Testin,ktestin75@ted.com
Courtney,Alldred,calldred76@nymag.com
Meghann,Daley,mdaley77@cyberchimps.com
Marilee,Caesman,mcaesman78@answers.com
Horatius,Cavozzi,hcavozzi79@twitpic.com
Berny,Beyne,bbeyne7a@craigslist.org
Archaimbaud,Learmont,alearmont7b@flickr.com
Margarete,Chazier,mchazier7c@wordpress.org
Deloris,Worssam,dworssam7d@cbc.ca
Pauly,Stodart,pstodart7e@yandex.ru
Gray,Claque,gclaque7f@slideshare.net
Leola,Leve,lleve7g@va.gov
Sonia,Eyres,seyres7h@histats.com
Clementius,Pearle,cpearle7i@alibaba.com
Jarred,Lewton,jlewton7j@home.pl
Renaldo,Dabling,rdabling7k@dagondesign.com
Beryle,Mincher,bmincher7l@berkeley.edu
Bale,Zold,bzold7m@indiegogo.com
Gregor,Shackleton,gshackleton7n@4shared.com
Starlene,Mc Trusty,smctrusty7o@un.org
Jaclyn,Kirtland,jkirtland7p@rediff.com
Ailina,Cesaric,acesaric7q@ovh.net
Natalie,Aldwick,naldwick7r@freewebs.com
Caty,Fowkes,cfowkes7s@chicagotribune.com
Cori,Iskowitz,ciskowitz7t@yahoo.com
Augusto,Saltsberger,asaltsberger7u@redcross.org
Bird,Tonkinson,btonkinson7v@google.co.jp
Cchaddie,Finch,cfinch7w@ning.com
Isabelita,Polleye,ipolleye7x@va.gov
Alejandrina,Ibarra,aibarra7y@taobao.com
Charissa,Blount,cblount7z@nationalgeographic.com
Edwin,Rehme,erehme80@addthis.com
Kameko,Cutress,kcutress81@livejournal.com
Emmeline,Howis,ehowis82@cnet.com
Rad,Ebbs,rebbs83@gov.uk
Julianna,Dadge,jdadge84@mapy.cz
Margaretta,Myrick,mmyrick85@spotify.com
Lissie,Tantum,ltantum86@1688.com
Delinda,Ricardot,dricardot87@hubpages.com
Gray,Garrison,ggarrison88@patch.com
Rosina,Tathacott,rtathacott89@moonfruit.com
Hyman,Mauchlen,hmauchlen8a@feedburner.com
Chanda,Birdwhistle,cbirdwhistle8b@cdc.gov
Rodina,Surpliss,rsurpliss8c@jigsy.com
Letty,Wycherley,lwycherley8d@cafepress.com
Bethina,Lomax,blomax8e@devhub.com
Fredi,Martinot,fmartinot8f@netscape.com
Rebekah,Buscher,rbuscher8g@webs.com
Mil,Wellwood,mwellwood8h@sciencedaily.com
Benedicta,Paolone,bpaolone8i@umich.edu
Dacey,Brashaw,dbrashaw8j@usa.gov
Emelina,Flattman,eflattman8k@instagram.com
Roseanne,Suddards,rsuddards8l@house.gov
Tanny,Merkle,tmerkle8m@dyndns.org
Rodge,Usher,rusher8n@netvibes.com
Aldwin,Pirkis,apirkis8o@mozilla.com
Horatius,Fifield,hfifield8p@admin.ch
Jard,Clarridge,jclarridge8q@discovery.com
Emelen,Dionis,edionis8r@soundcloud.com
Zared,Eloi,zeloi8s@wiley.com
Brade,Bassingden,bbassingden8t@miitbeian.gov.cn
Hastie,Jermyn,hjermyn8u@slashdot.org
Lishe,Roseburgh,lroseburgh8v@arizona.edu
Edvard,Mackstead,emackstead8w@kickstarter.com
Cherry,Dorrington,cdorrington8x@angelfire.com
Audry,Danbye,adanbye8y@xinhuanet.com
Cheslie,Legier,clegier8z@disqus.com
Vasilis,Whitta,vwhitta90@indiatimes.com
Glennis,Yakovitch,gyakovitch91@over-blog.com
Elsa,Gillooly,egillooly92@mit.edu
Agosto,Yanele,ayanele93@diigo.com
Fletcher,Izakson,fizakson94@ucoz.ru
Anselm,Shearmer,ashearmer95@tripod.com
Whitney,Jozwicki,wjozwicki96@mapy.cz
Dolly,Devine,ddevine97@geocities.com
Gabe,Larn,glarn98@netvibes.com
Delora,Maillard,dmaillard99@woothemes.com
Madge,Gemmill,mgemmill9a@wufoo.com
Cathlene,Curtiss,ccurtiss9b@miitbeian.gov.cn
Lynn,Dansey,ldansey9c@eventbrite.com
Bev,Smetoun,bsmetoun9d@yahoo.com
Kameko,Mackro,kmackro9e@earthlink.net
Gilberto,Killimister,gkillimister9f@1und1.de
Keslie,Longea,klongea9g@economist.com
Darlene,Crasswell,dcrasswell9h@twitter.com
Zonda,Dmitrovic,zdmitrovic9i@utexas.edu
Rutger,Perrottet,rperrottet9j@nationalgeographic.com
Ruthy,Fulton,rfulton9k@jimdo.com
Philly,Treske,ptreske9l@barnesandnoble.com
Rudy,Ounsworth,rounsworth9m@discovery.com
Nydia,MacAnelley,nmacanelley9n@g.co
Wendy,Thing,wthing9o@techcrunch.com
Katheryn,Antonietti,kantonietti9p@gov.uk
Vania,Darrigrand,vdarrigrand9q@ebay.com
Penni,Stenbridge,pstenbridge9r@hao123.com
Othello,Widdison,owiddison9s@cbsnews.com
Gustavus,Tesauro,gtesauro9t@shutterfly.com
Yelena,Baskerfield,ybaskerfield9u@webeden.co.uk
Silvester,Dekeyser,sdekeyser9v@delicious.com
Doy,Chaddock,dchaddock9w@disqus.com
Amalie,Kleinber,akleinber9x@pinterest.com
Jamey,Mullaney,jmullaney9y@jugem.jp
Kirsten,Biles,kbiles9z@army.mil
Lyndell,Ravilus,lravilusa0@cnet.com
Crawford,Boarder,cboardera1@parallels.com
Vassily,Deekes,vdeekesa2@jugem.jp
Tabitha,Stollwerk,tstollwerka3@abc.net.au
Sunny,Schwartz,sschwartza4@home.pl
Garreth,Gager,ggagera5@stanford.edu
Bronnie,Olman,bolmana6@live.com
Hershel,Hilbourne,hhilbournea7@oaic.gov.au
Jillene,Baynard,jbaynarda8@soundcloud.com
Katha,Attride,kattridea9@booking.com
Jess,McGonagle,jmcgonagleaa@msn.com
Susanetta,Caps,scapsab@army.mil
Teri,Dowty,tdowtyac@is.gd
Jolee,Druhan,jdruhanad@unicef.org
Celina,Sydney,csydneyae@wikipedia.org
Camel,Pooley,cpooleyaf@gizmodo.com
Sargent,Bouldstridge,sbouldstridgeag@lycos.com
Anna-diana,Taberer,atabererah@istockphoto.com
Elsbeth,Copson,ecopsonai@arizona.edu
Massimiliano,Minkin,mminkinaj@fda.gov
Merissa,Ryder,mryderak@engadget.com
Andy,Bridle,abridleal@youtu.be
Kassi,Gourlie,kgourlieam@example.com
Patrick,Bonnier,pbonnieran@tinypic.com
Selby,Whellans,swhellansao@ustream.tv
Clovis,Bentsen,cbentsenap@google.com.au
Alena,Hambidge,ahambidgeaq@redcross.org
Andras,Puddephatt,apuddephattar@godaddy.com
Bronny,Sandaver,bsandaveras@umn.edu
Lauritz,Stanbridge,lstanbridgeat@hc360.com
Read,Godding,rgoddingau@oakley.com
Nicolle,Lumsdaine,nlumsdaineav@example.com
Mallory,Trengrove,mtrengroveaw@tripadvisor.com
Elizabet,Kaaskooper,ekaaskooperax@fc2.com
Brittney,Eastbury,beastburyay@unblog.fr
Gusella,Jerdon,gjerdonaz@auda.org.au
Hilly,Spikings,hspikingsb0@discuz.net
Leicester,De Biasi,ldebiasib1@census.gov
Putnem,Martinon,pmartinonb2@ucla.edu
Gasper,Kubis,gkubisb3@quantcast.com
Korney,Ineson,kinesonb4@ucoz.com
Felix,Forseith,fforseithb5@china.com.cn
Flore,Trewhela,ftrewhelab6@samsung.com
Myrtia,Beel,mbeelb7@narod.ru
Noreen,Gresham,ngreshamb8@e-recht24.de
Demott,Proske,dproskeb9@pagesperso-orange.fr
Harwilll,Alenshev,halenshevba@illinois.edu
Leandra,Pendrich,lpendrichbb@usnews.com
Loni,Dobrowlski,ldobrowlskibc@vk.com
Jimmy,Curley,jcurleybd@netvibes.com
Madelina,Gricks,mgricksbe@mysql.com
Granthem,Loughead,glougheadbf@nature.com
Anallise,Odams,aodamsbg@theglobeandmail.com
Belia,Worsfield,bworsfieldbh@hugedomains.com
Phylys,Geggus,pgeggusbi@sitemeter.com
Briant,Clemits,bclemitsbj@google.pl
Donia,Izatson,dizatsonbk@fc2.com
Cynthie,Ackerman,cackermanbl@exblog.jp
Harcourt,Roxby,hroxbybm@toplist.cz
Pamela,Fludder,pfludderbn@arizona.edu
Wallace,Buddington,wbuddingtonbo@ning.com
Allie,Bruckental,abruckentalbp@businessinsider.com
Olivero,O' Faherty,oofahertybq@comsenz.com
Ronny,Adlard,radlardbr@diigo.com
Belita,Roizin,broizinbs@nhs.uk
Fons,O' Dornan,fodornanbt@creativecommons.org
Myrtice,Adriano,madrianobu@gmpg.org
Miquela,Abyss,mabyssbv@apple.com
Mandie,Hammonds,mhammondsbw@ovh.net
Melony,Copsey,mcopseybx@senate.gov
Robert,Kisbee,rkisbeeby@indiegogo.com
Kellina,Bautiste,kbautistebz@scientificamerican.com
Bertrand,Pirazzi,bpirazzic0@about.com
Arney,Labb,alabbc1@trellian.com
Joni,Ivons,jivonsc2@taobao.com
Avie,Pengelley,apengelleyc3@live.com
Shepard,Sunner,ssunnerc4@cbc.ca
Micheil,Dorbin,mdorbinc5@hubpages.com
Barby,Fuge,bfugec6@comsenz.com
Guss,Huriche,ghurichec7@yahoo.com
Cristine,Paolacci,cpaolaccic8@samsung.com
Celestina,D'Aubney,cdaubneyc9@oracle.com
Quint,Meldon,qmeldonca@biglobe.ne.jp
Tandi,Sambidge,tsambidgecb@forbes.com
Dorice,Lardier,dlardiercc@topsy.com
Jobyna,Marking,jmarkingcd@ning.com
Catlin,Scarse,cscarsece@marriott.com
Madlin,Randleson,mrandlesoncf@mapy.cz
Trumaine,Leatherland,tleatherlandcg@yelp.com
Arlina,Phillipson,aphillipsonch@shutterfly.com
Gunther,Emsley,gemsleyci@sciencedaily.com
Erinna,Pocknoll,epocknollcj@artisteer.com
Say,Tassell,stassellck@blinklist.com
Eunice,Nelhams,enelhamscl@sphinn.com
Hesther,Park,hparkcm@taobao.com
Celestina,Sherrock,csherrockcn@latimes.com
Matilda,Bauman,mbaumanco@gnu.org
Shawn,Milmoe,smilmoecp@freewebs.com
Henrietta,Ockwell,hockwellcq@slate.com
Obed,McCuis,omccuiscr@vk.com
Robinet,Smithers,rsmitherscs@columbia.edu
Ardella,Ashton,aashtonct@baidu.com
Valentin,Gowans,vgowanscu@marketwatch.com
Welby,Langtry,wlangtrycv@cnet.com
Tannie,Tortoishell,ttortoishellcw@comsenz.com
Heda,Haddy,hhaddycx@jigsy.com
Gabriella,Cargill,gcargillcy@icio.us
Marguerite,Joyce,mjoycecz@flickr.com
Web,Jablonski,wjablonskid0@ocn.ne.jp
Nero,Ellacombe,nellacombed1@bbb.org
Darcee,Busk,dbuskd2@opensource.org
Vanna,Maggorini,vmaggorinid3@whitehouse.gov
Hank,Redgate,hredgated4@rambler.ru
Iago,Plaster,iplasterd5@jalbum.net
Iggy,Curtain,icurtaind6@cdc.gov
Laurene,Rizzillo,lrizzillod7@mozilla.com
Regan,Flear,rfleard8@un.org
Toddie,Naisey,tnaiseyd9@earthlink.net
Analiese,Wissbey,awissbeyda@census.gov
Claudina,Fettis,cfettisdb@gizmodo.com
Alvina,Skillett,askillettdc@ovh.net
Aprilette,Tumioto,atumiotodd@weather.com
Ines,Gaiger,igaigerde@naver.com
Agnes,Finlaison,afinlaisondf@wisc.edu
Gregor,Mardle,gmardledg@slideshare.net
Skipton,Jardine,sjardinedh@wp.com
Nani,Aubray,naubraydi@google.fr
Conchita,Gianni,cgiannidj@stumbleupon.com
Killian,Wellwood,kwellwooddk@cnbc.com
Neysa,Cumesky,ncumeskydl@mac.com
Friedrick,Wernham,fwernhamdm@ehow.com
Sybyl,Tucknott,stucknottdn@de.vu
Hanny,Sambrok,hsambrokdo@canalblog.com
Rudy,Georgot,rgeorgotdp@twitter.com
Melloney,Skeldinge,mskeldingedq@parallels.com
Yvor,Cudworth,ycudworthdr@cbsnews.com
Deanna,Tabbernor,dtabbernords@hatena.ne.jp
Tatiana,Victoria,tvictoriadt@webmd.com
Napoleon,Bierman,nbiermandu@columbia.edu
Hetti,Braybrook,hbraybrookdv@people.com.cn
Bernardo,Gerrey,bgerreydw@theglobeandmail.com
Jerry,Laurenzi,jlaurenzidx@multiply.com
Imojean,Sasser,isasserdy@imdb.com
Dode,Aimson,daimsondz@hostgator.com
Rock,Aikin,raikine0@npr.org
Lion,Marler,lmarlere1@ebay.co.uk
Edythe,Couper,ecoupere2@scribd.com
Darrel,Frankland,dfranklande3@ca.gov
Ruthanne,Duffer,rduffere4@ustream.tv
Korella,Mudle,kmudlee5@sun.com
Riannon,Tooley,rtooleye6@facebook.com
Jeralee,Hadwen,jhadwene7@youku.com
Ianthe,Matyja,imatyjae8@drupal.org
Wells,Zumbusch,wzumbusche9@adobe.com
Dory,Antonomoli,dantonomoliea@mysql.com
Norah,Noto,nnotoeb@hao123.com
Orelee,Gianelli,ogianelliec@spiegel.de
Rhetta,Mines,rminesed@spotify.com
Berne,Ifill,bifillee@prnewswire.com
Barnie,Kliement,bkliementef@moonfruit.com
Bernadette,Killimister,bkillimistereg@yolasite.com
Broderick,Bony,bbonyeh@parallels.com
Emalee,Jado,ejadoei@blogger.com
Debera,Willimont,dwillimontej@blogspot.com
Brig,Rawcliffe,brawcliffeek@wp.com
Niles,Perrat,nperratel@smugmug.com
Nicky,Learoyde,nlearoydeem@rediff.com
Penelopa,Nail,pnailen@mapquest.com
Letitia,Connaughton,lconnaughtoneo@disqus.com
Betsy,Karle,bkarleep@bandcamp.com
Perrine,Fiddian,pfiddianeq@economist.com
Nata,Lettley,nlettleyer@answers.com
Orella,Malby,omalbyes@phpbb.com
Granger,Crouse,gcrouseet@ning.com
Peadar,Miettinen,pmiettineneu@narod.ru
Arabele,Chatten,achattenev@ask.com
Godfrey,Hodge,ghodgeew@jigsy.com
Danyette,Rocca,droccaex@reddit.com
Justine,Pepper,jpepperey@mail.ru
Rozalin,Rudwell,rrudwellez@kickstarter.com
Luce,Horsewood,lhorsewoodf0@samsung.com
Annmaria,Gatherell,agatherellf1@vistaprint.com
Cazzie,Castagno,ccastagnof2@google.cn
Pooh,Hiner,phinerf3@archive.org
Launce,Wayon,lwayonf4@g.co
Tildy,Grangier,tgrangierf5@163.com
Dasya,Baine,dbainef6@slashdot.org
Corry,Janko,cjankof7@soup.io
Pascale,Romaine,promainef8@163.com
Christoper,Reggio,creggiof9@europa.eu
Levon,Ferby,lferbyfa@fc2.com
Lyn,Corradino,lcorradinofb@networkadvertising.org
Stephenie,Lissett,slissettfc@sakura.ne.jp
Sheelah,Guerre,sguerrefd@cnn.com
Winston,Overel,woverelfe@squarespace.com
Llewellyn,Lemin,lleminff@msu.edu
Collie,Goodhew,cgoodhewfg@alexa.com
Karna,Sansam,ksansamfh@phoca.cz
Anna-maria,Cremins,acreminsfi@odnoklassniki.ru
Ilyssa,Pawling,ipawlingfj@fema.gov
Karrah,Skipp,kskippfk@mapquest.com
Mira,Staddart,mstaddartfl@google.cn
Stormi,O'Gorman,sogormanfm@spiegel.de
Delbert,Huntar,dhuntarfn@cyberchimps.com
Shoshana,Mourant,smourantfo@google.com
Gary,McCoid,gmccoidfp@seattletimes.com
Vale,Totterdill,vtotterdillfq@prweb.com
Cherin,Bage,cbagefr@berkeley.edu
Lanie,Tilte,ltiltefs@theatlantic.com
Britt,Wetherell,bwetherellft@netlog.com
Saraann,Clerc,sclercfu@naver.com
Jeniffer,Phizacklea,jphizackleafv@npr.org
Reilly,Belverstone,rbelverstonefw@mediafire.com
Rab,Minchi,rminchifx@cbslocal.com
Rosemonde,Kitchingham,rkitchinghamfy@1688.com
Morgan,Davidy,mdavidyfz@prlog.org
Humfrid,Knutton,hknuttong0@google.fr
Sonny,Waddell,swaddellg1@examiner.com
Euell,Levee,eleveeg2@ovh.net
Virginie,Meiner,vmeinerg3@jiathis.com
Denyse,Soule,dsouleg4@narod.ru
Granger,Lorenzini,glorenzinig5@histats.com
Mufi,Romanin,mromaning6@instagram.com
Hamlin,Pirie,hpirieg7@phpbb.com
Todd,Allenson,tallensong8@mtv.com
Malena,Denholm,mdenholmg9@apache.org
Ferrel,Bearn,fbearnga@apple.com
Curry,Prandini,cprandinigb@google.cn
Patricia,Sturzaker,psturzakergc@mapy.cz
Kleon,Penhearow,kpenhearowgd@dailymail.co.uk
Ariel,Jolliff,ajolliffge@webs.com
Parrnell,Underdown,punderdowngf@bandcamp.com
Ave,Matson,amatsongg@un.org
Hanson,Barbrook,hbarbrookgh@artisteer.com
Michal,Lezemore,mlezemoregi@ocn.ne.jp
Quint,Ennals,qennalsgj@zimbio.com
Basilio,Skermer,bskermergk@yandex.ru
King,Cudbertson,kcudbertsongl@nature.com
Gan,Unstead,gunsteadgm@behance.net
Keith,Blewitt,kblewittgn@freewebs.com
Roderic,Brundill,rbrundillgo@mac.com
Trumann,Sagrott,tsagrottgp@nature.com
Kilian,Work,kworkgq@ihg.com
Mil,Conway,mconwaygr@woothemes.com
L;urette,Hallex,lhallexgs@loc.gov
Eachelle,Kenninghan,ekenninghangt@flickr.com
Ashley,Mcmanaman,amcmanamangu@parallels.com
Elga,Lannin,elanningv@google.de
Budd,Clixby,bclixbygw@istockphoto.com
Orlando,Langhorne,olanghornegx@sitemeter.com
Katee,Sevier,kseviergy@dropbox.com
Janice,Trowell,jtrowellgz@scientificamerican.com
Meyer,Wavish,mwavishh0@t-online.de
Francene,Fuentez,ffuentezh1@census.gov
Ramonda,Wadlow,rwadlowh2@google.com
Ted,Frape,tfrapeh3@ihg.com
Brucie,Bagehot,bbagehoth4@patch.com
Leeann,Lobell,llobellh5@ycombinator.com
Dari,Roussell,droussellh6@oracle.com
Cozmo,Tommei,ctommeih7@mtv.com
Garey,Pendreigh,gpendreighh8@bbb.org
Hermon,Dyter,hdyterh9@printfriendly.com
Clarinda,Gowar,cgowarha@macromedia.com
Karry,Coggin,kcogginhb@uol.com.br
Maud,Rayner,mraynerhc@t-online.de
Mollie,Kimblen,mkimblenhd@macromedia.com
Vanda,Trunks,vtrunkshe@bandcamp.com
Serena,Ritelli,sritellihf@freewebs.com
Wyn,Tewelson,wtewelsonhg@microsoft.com
Dulcinea,Schirach,dschirachhh@feedburner.com
Agustin,Porcas,aporcashi@live.com
Lora,Lingner,llingnerhj@npr.org
Conroy,Campa,ccampahk@sina.com.cn
Milli,Godspede,mgodspedehl@cbsnews.com
Bradly,Laugheran,blaugheranhm@naver.com
Abbie,Doerrling,adoerrlinghn@intel.com
Lammond,Hillen,lhillenho@hubpages.com
Wilfrid,Ilchenko,wilchenkohp@ihg.com
Hilario,Manes,hmaneshq@reddit.com
Em,Lethibridge,elethibridgehr@umn.edu
Sidnee,Gorrissen,sgorrissenhs@utexas.edu
Jerrold,Pes,jpesht@cocolog-nifty.com
Angelica,Fidele,afidelehu@yahoo.co.jp
Yorgos,Dallender,ydallenderhv@cnbc.com
Sheffield,Bohje,sbohjehw@nymag.com
Vitoria,Bloxsome,vbloxsomehx@php.net
Stearn,Orrill,sorrillhy@geocities.com
Berti,Towns,btownshz@opensource.org
Robinet,Ayling,raylingi0@latimes.com
Victoir,Faltin,vfaltini1@behance.net
Joey,Hatch,jhatchi2@independent.co.uk
Judon,Anchor,janchori3@ifeng.com
Nicolette,Seer,nseeri4@webnode.com
Conney,Spellsworth,cspellsworthi5@gnu.org
Gus,Mowling,gmowlingi6@lycos.com
Ave,Monson,amonsoni7@mashable.com
Lev,Etuck,letucki8@ucla.edu
Daniel,Clell,dclelli9@kickstarter.com
Didi,Doge,ddogeia@rambler.ru
Ranique,Ladley,rladleyib@symantec.com
Erica,Van der Brug,evanderbrugic@msu.edu
Belia,Bourthoumieux,bbourthoumieuxid@squidoo.com
Bar,McCrory,bmccroryie@so-net.ne.jp
Roy,Klyn,rklynif@bluehost.com
Christine,Heymes,cheymesig@ed.gov
Parrnell,Jull,pjullih@blinklist.com
Ulysses,McCarly,umccarlyii@adobe.com
Kristoffer,Dewicke,kdewickeij@google.com.hk
Vannie,Fontel,vfontelik@dion.ne.jp
Birgitta,Brokenshaw,bbrokenshawil@prlog.org
Reinwald,Malloch,rmallochim@nba.com
Claudian,Roizin,croizinin@vinaora.com
Paxton,O'Cridigan,pocridiganio@businessweek.com
Kenna,Crady,kcradyip@bandcamp.com
Emmalyn,Buddington,ebuddingtoniq@mozilla.com
Viole,Richemond,vrichemondir@toplist.cz
Witty,Wentworth,wwentworthis@telegraph.co.uk
Englebert,Skakunas,eskakunasit@whitehouse.gov
Jade,Gabbotts,jgabbottsiu@patch.com
Pat,German,pgermaniv@ucoz.com
Calypso,Elix,celixiw@about.com
Syman,Hourahan,shourahanix@npr.org
Gretta,Loudon,gloudoniy@blog.com
Terrie,Oulett,toulettiz@msu.edu
Duncan,Aleixo,daleixoj0@dailymotion.com
Guillaume,McCosker,gmccoskerj1@google.co.jp
Esra,Garey,egareyj2@trellian.com
Ingeberg,Pervew,ipervewj3@canalblog.com
Galina,Knox,gknoxj4@abc.net.au
Bunny,Mantrup,bmantrupj5@smh.com.au
Muriel,Rabjohn,mrabjohnj6@facebook.com
Neall,Matusovsky,nmatusovskyj7@fema.gov
Sheelah,Sirr,ssirrj8@ocn.ne.jp
Montague,Hubner,mhubnerj9@webs.com
Giff,Baly,gbalyja@furl.net
Sybila,Lerohan,slerohanjb@xing.com
Pierson,Kollas,pkollasjc@barnesandnoble.com
Matthus,Arnau,marnaujd@cocolog-nifty.com
Pablo,Flexman,pflexmanje@businesswire.com
Alanna,Fowlds,afowldsjf@i2i.jp
Georgena,Westrip,gwestripjg@pcworld.com
Barth,Meins,bmeinsjh@who.int
Katerine,Klebes,kklebesji@icio.us
Shaylyn,Cummings,scummingsjj@hostgator.com
Damien,Gander,dganderjk@bloomberg.com
Raquel,Askem,raskemjl@free.fr
Teddi,Mitten,tmittenjm@shutterfly.com
Adriana,Lammin,alamminjn@wiley.com
Viva,Thaine,vthainejo@who.int
Ky,Keen,kkeenjp@mapy.cz
Shalne,Rolingson,srolingsonjq@phoca.cz
Eva,MacColgan,emaccolganjr@e-recht24.de
Adan,Nekrews,anekrewsjs@google.cn
Reeva,Konertz,rkonertzjt@imgur.com
Marlon,Galpin,mgalpinju@uol.com.br
Stesha,MacEveley,smaceveleyjv@desdev.cn
Royal,Millberg,rmillbergjw@ibm.com
Frederico,Granham,fgranhamjx@wikipedia.org
Aubrey,Goly,agolyjy@google.com.hk
Miranda,Matuszewski,mmatuszewskijz@baidu.com
Jeanie,Freeman,jfreemank0@chicagotribune.com
Ossie,Ellicott,oellicottk1@narod.ru
Carrol,Von Der Empten,cvonderemptenk2@people.com.cn
Rosana,Phuprate,rphupratek3@guardian.co.uk
Beatrix,Llewellin,bllewellink4@addthis.com
Sammy,Prestidge,sprestidgek5@mtv.com
Jarrad,Kean,jkeank6@de.vu
Ingmar,Bodocs,ibodocsk7@studiopress.com
Marthena,Fowler,mfowlerk8@noaa.gov
Babb,Brundill,bbrundillk9@issuu.com
Alvera,Enrigo,aenrigoka@epa.gov
Kendre,Guilleton,kguilletonkb@bizjournals.com
Devondra,Ewington,dewingtonkc@wp.com
Lulita,Gabbitis,lgabbitiskd@sourceforge.net
Cornall,Hartles,chartleske@exblog.jp
Andriette,Churcher,achurcherkf@amazon.co.jp
Carleen,Drains,cdrainskg@theglobeandmail.com
Janeva,Sturzaker,jsturzakerkh@parallels.com
Lindsey,Romanini,lromaniniki@tuttocitta.it
Averell,Lippiatt,alippiattkj@dropbox.com
Morna,Gibby,mgibbykk@go.com
Bess,Lovegrove,blovegrovekl@bluehost.com
Germaine,Mullin,gmullinkm@japanpost.jp
Bertrand,Kupisz,bkupiszkn@squarespace.com
Maynord,Williamson,mwilliamsonko@rediff.com
Garey,Moyers,gmoyerskp@so-net.ne.jp
Nyssa,Cradoc,ncradockq@themeforest.net
Rossie,Meah,rmeahkr@sciencedaily.com
Simonette,Burstowe,sburstoweks@cdbaby.com
Shae,Norvell,snorvellkt@bbc.co.uk
Randie,Tooting,rtootingku@utexas.edu
Patten,Rackley,prackleykv@biglobe.ne.jp
Karry,Oneal,konealkw@yahoo.co.jp
Andie,Dismore,adismorekx@addtoany.com
Doyle,MacSharry,dmacsharryky@cbsnews.com
Joseph,Townes,jtowneskz@washingtonpost.com
Tessie,Mayfield,tmayfieldl0@accuweather.com
Leighton,Glavias,lglaviasl1@sogou.com
Andeee,de'-Ancy Willis,adeancywillisl2@netlog.com
Bailey,Lagadu,blagadul3@dion.ne.jp
Margarete,Nissle,mnisslel4@businessweek.com
Fabian,Early,fearlyl5@com.com
Adam,Cockarill,acockarilll6@apple.com
Julienne,Spraggon,jspraggonl7@quantcast.com
Kaine,Bedding,kbeddingl8@paypal.com
Nick,Farnon,nfarnonl9@webeden.co.uk
Rici,Braznell,rbraznellla@deliciousdays.com
Modesta,McKenney,mmckenneylb@hhs.gov
Prentiss,Sealand,psealandlc@cafepress.com
Killy,Faichney,kfaichneyld@dyndns.org
Winnie,Beavis,wbeavisle@51.la
Philippine,Chisnell,pchisnelllf@livejournal.com
Teresita,Gyngyll,tgyngylllg@reverbnation.com
Louise,Tours,ltourslh@wired.com
Shel,Newgrosh,snewgroshli@go.com
Janie,Meardon,jmeardonlj@blogtalkradio.com
Sacha,Elie,selielk@163.com
Lucho,Folkard,lfolkardll@amazonaws.com
Donetta,Crockatt,dcrockattlm@twitpic.com
Oswell,Sima,osimaln@dell.com
Giustino,Rama,gramalo@buzzfeed.com
Rawley,McAlinion,rmcalinionlp@phpbb.com
Nelie,Goater,ngoaterlq@pagesperso-orange.fr
Filippo,MacFarlane,fmacfarlanelr@nydailynews.com
Doretta,Angrave,dangravels@typepad.com
Kylila,Meran,kmeranlt@usgs.gov
Aldo,Harvard,aharvardlu@boston.com
Garold,Marwood,gmarwoodlv@usa.gov
Charline,Veschambes,cveschambeslw@fema.gov
Nickolas,Cancott,ncancottlx@cdc.gov
Ronny,Crowley,rcrowleyly@cocolog-nifty.com
Pauly,Easbie,peasbielz@mtv.com
Eleonore,Filde,efildem0@webs.com
Blane,Celiz,bcelizm1@cdc.gov
Yovonnda,Duiged,yduigedm2@hubpages.com
Willy,Korpal,wkorpalm3@live.com
Lyle,Northern,lnorthernm4@dot.gov
Missie,Spracklin,mspracklinm5@hostgator.com
Wells,Braune,wbraunem6@webeden.co.uk
Talbert,Dauney,tdauneym7@shutterfly.com
Breanne,Holbie,bholbiem8@wikipedia.org
Alaine,Royden,aroydenm9@hp.com
Jan,Dahle,jdahlema@etsy.com
Luisa,Brewitt,lbrewittmb@discuz.net
Sayres,Ortells,sortellsmc@devhub.com
Geoffrey,O'Leary,golearymd@moonfruit.com
Lynnea,Miliffe,lmiliffeme@ucoz.com
Rollins,Tait,rtaitmf@jugem.jp
Bo,Piele,bpielemg@instagram.com
Clarine,Monni,cmonnimh@twitpic.com
Lyn,Lydden,llyddenmi@wsj.com
Cello,Beeswing,cbeeswingmj@springer.com
Gabrila,Feaver,gfeavermk@simplemachines.org
Alva,Cecchetelli,acecchetelliml@ning.com
Goldie,Burras,gburrasmm@flickr.com
Conrado,Frostdick,cfrostdickmn@jimdo.com
Leena,Barley,lbarleymo@smugmug.com
Leann,Pawelczyk,lpawelczykmp@instagram.com
Vernor,Larkkem,vlarkkemmq@jiathis.com
Ashbey,Lage,alagemr@mapy.cz
Bartholomeo,Trayton,btraytonms@dmoz.org
Mathian,Triplow,mtriplowmt@blogspot.com
Sibelle,Halvorsen,shalvorsenmu@aol.com
Arleta,Marchington,amarchingtonmv@taobao.com
Monika,Naylor,mnaylormw@cbslocal.com
Benedetta,Melior,bmeliormx@shutterfly.com
Liane,Weblin,lweblinmy@java.com
Fannie,Mirrlees,fmirrleesmz@mlb.com
Karmen,Chaney,kchaneyn0@oaic.gov.au
Ivonne,Mowat,imowatn1@themeforest.net
Pennie,Bothams,pbothamsn2@forbes.com
Sheryl,Benza,sbenzan3@dmoz.org
Prince,Davydoch,pdavydochn4@webmd.com
Lorelle,Gockelen,lgockelenn5@hud.gov
Maximilian,Kirsop,mkirsopn6@blogspot.com
Valene,Maidstone,vmaidstonen7@prweb.com
Shae,Steanson,ssteansonn8@fema.gov
Giff,Beamont,gbeamontn9@theguardian.com
Dru,Teasdale-Markie,dteasdalemarkiena@myspace.com
Reube,Cheesley,rcheesleynb@sina.com.cn
Flinn,Llewelyn,fllewelynnc@facebook.com
Valerye,Gullane,vgullanend@is.gd
Otho,Bednall,obednallne@skype.com
Gaylord,Klampt,gklamptnf@sina.com.cn
Halie,Gwyllt,hgwylltng@dion.ne.jp
Tommi,Linster,tlinsternh@archive.org
Judie,Durie,jdurieni@cyberchimps.com
Michel,Lince,mlincenj@163.com
Coralie,Stollenbeck,cstollenbecknk@ning.com
Henri,Broster,hbrosternl@feedburner.com
Farlee,Brenneke,fbrennekenm@amazon.de
Constance,Gallaher,cgallahernn@ucsd.edu
Chery,Teacy,cteacyno@economist.com
Aigneis,Knowlman,aknowlmannp@php.net
Malcolm,Toop,mtoopnq@yellowpages.com
Lory,Lammenga,llammenganr@google.cn
Biddie,Whaites,bwhaitesns@scribd.com
Neil,Nuttall,nnuttallnt@usatoday.com
Esdras,Klimentov,eklimentovnu@answers.com
Horatio,Caw,hcawnv@rediff.com
Wait,McPhillips,wmcphillipsnw@lycos.com
Cross,Lickorish,clickorishnx@edublogs.org
Rafi,Oylett,roylettny@moonfruit.com
Junia,Lawerence,jlawerencenz@furl.net
Gaylord,Cutchie,gcutchieo0@g.co
Judas,Enevold,jenevoldo1@reuters.com
Alvy,Purselow,apurselowo2@mediafire.com
Hillary,Sanger,hsangero3@nymag.com
Nowell,Klosterman,nklostermano4@cdbaby.com
Ambrosius,Wandrich,awandricho5@nhs.uk
Lawton,Edmons,ledmonso6@narod.ru
Teador,Thorneloe,tthorneloeo7@cargocollective.com
Washington,Cluckie,wcluckieo8@whitehouse.gov
Angelique,Doughton,adoughtono9@lycos.com
Giovanna,Rackam,grackamoa@etsy.com
Clarance,Cescon,ccesconob@pbs.org
Eloisa,Hansen,ehansenoc@shareasale.com
Blinny,Goning,bgoningod@altervista.org
Lionel,Cottill,lcottilloe@dot.gov
Barney,Adderley,badderleyof@unesco.org
Loren,Kester,lkesterog@unicef.org
Mathew,Mynott,mmynottoh@theatlantic.com
Sonnie,Ferbrache,sferbracheoi@time.com
Odelle,Dennison,odennisonoj@dropbox.com
Dorolice,Eveling,develingok@sciencedaily.com
Anette,Gordge,agordgeol@deliciousdays.com
Terrye,O'Shaughnessy,toshaughnessyom@about.com
Townsend,Whitwell,twhitwellon@vinaora.com
Thedric,Houndsom,thoundsomoo@sitemeter.com
Fulton,Josiah,fjosiahop@infoseek.co.jp
Alaine,Colcutt,acolcuttoq@topsy.com
Quintin,Aven,qavenor@abc.net.au
Kate,Munden,kmundenos@microsoft.com
Kizzie,Caverhill,kcaverhillot@ask.com
Lulita,Labusquiere,llabusquiereou@alibaba.com
Kevin,Stener,kstenerov@domainmarket.com
Riordan,Baterip,rbateripow@constantcontact.com
Xenia,Denington,xdeningtonox@sina.com.cn
Colan,Marshallsay,cmarshallsayoy@google.nl
Wit,Warn,wwarnoz@fc2.com
Nicole,Posnett,nposnettp0@ezinearticles.com
Clayson,Hearon,chearonp1@google.ca
Cyndi,McKernan,cmckernanp2@privacy.gov.au
Milissent,Scallon,mscallonp3@guardian.co.uk
Sandor,Philpott,sphilpottp4@google.ca
Riki,Rizziello,rrizziellop5@berkeley.edu
Clive,McIlroy,cmcilroyp6@tamu.edu
Valaria,Shreeve,vshreevep7@google.de
Lisette,Fairfoul,lfairfoulp8@shareasale.com
Ardath,Lippett,alippettp9@comcast.net
Murielle,Cosyns,mcosynspa@umn.edu
Skipton,Kener,skenerpb@is.gd
Sammie,Verlinden,sverlindenpc@google.de
Sophie,de Broke,sdebrokepd@meetup.com
Cornall,Laste,clastepe@google.de
Cassondra,Bound,cboundpf@meetup.com
Karolina,Meni,kmenipg@bbc.co.uk
Avie,Booty,abootyph@irs.gov
Marney,Skeldinge,mskeldingepi@indiatimes.com
Rea,de Mullett,rdemullettpj@reuters.com
Malena,McLewd,mmclewdpk@themeforest.net
Kenon,Bohler,kbohlerpl@desdev.cn
Kelley,Bransom,kbransompm@wordpress.org
Somerset,Lovelady,sloveladypn@yelp.com
Wyatt,Peirce,wpeircepo@youku.com
Ludovico,De La Haye,ldelahayepp@360.cn
Morse,Rudolph,mrudolphpq@dmoz.org
Annice,Teodoro,ateodoropr@hp.com
Dianemarie,Turville,dturvilleps@myspace.com
Otto,Espinel,oespinelpt@comcast.net
Kassi,Junkison,kjunkisonpu@i2i.jp
Alard,Reddan,areddanpv@altervista.org
Caprice,Earingey,cearingeypw@usgs.gov
Deni,Chaffyn,dchaffynpx@google.es
Willis,Bilbie,wbilbiepy@psu.edu
Alano,Stovin,astovinpz@wunderground.com
Desiri,Curless,dcurlessq0@hugedomains.com
Ursola,Jest,ujestq1@zimbio.com
Rey,Hartburn,rhartburnq2@youtube.com
Henry,Crenage,hcrenageq3@deliciousdays.com
Perla,Winsome,pwinsomeq4@vimeo.com
Anne,Millson,amillsonq5@gizmodo.com
Carine,Mandifield,cmandifieldq6@1688.com
Berkeley,Luney,bluneyq7@theatlantic.com
Elsa,Bramah,ebramahq8@usda.gov
Laurette,Schnieder,lschniederq9@usatoday.com
Ulrika,Norman,unormanqa@cbc.ca
Christoffer,Brislawn,cbrislawnqb@sphinn.com
Chucho,Barfield,cbarfieldqc@discovery.com
Ethelbert,Giorgini,egiorginiqd@cbslocal.com
Rebbecca,McCosker,rmccoskerqe@java.com
Frayda,Kohter,fkohterqf@bbb.org
Noak,Thewles,nthewlesqg@pbs.org
Amery,Ivell,aivellqh@booking.com
Maxi,Watmore,mwatmoreqi@sbwire.com
Stacee,Offin,soffinqj@discovery.com
Pamella,Stanfield,pstanfieldqk@accuweather.com
Myrtle,Burgill,mburgillql@comsenz.com
Naoma,Szimoni,nszimoniqm@amazon.co.uk
Penny,Devorill,pdevorillqn@usnews.com
Eula,Janiszewski,ejaniszewskiqo@i2i.jp
Rossie,Larmour,rlarmourqp@google.com.au
Dave,Bythway,dbythwayqq@xinhuanet.com
Codee,Beaby,cbeabyqr@soundcloud.com
Lorry,McGuigan,lmcguiganqs@wiley.com
Shirlee,Hudspith,shudspithqt@github.io
Vladimir,Hewins,vhewinsqu@marriott.com
Anna-maria,Lotterington,alotteringtonqv@wordpress.org
Esma,Seczyk,eseczykqw@globo.com
Ronnie,Whal,rwhalqx@rakuten.co.jp
Joanne,Haliburn,jhaliburnqy@cnn.com
Dalli,Klampk,dklampkqz@soup.io
Jarib,Petrulis,jpetrulisr0@zdnet.com
Wernher,Waterworth,wwaterworthr1@scribd.com
Angelina,Huygens,ahuygensr2@quantcast.com
Belita,Eastabrook,beastabrookr3@xrea.com
Melba,Corroyer,mcorroyerr4@gravatar.com
Ellsworth,McGinley,emcginleyr5@nps.gov
Isak,Juhruke,ijuhruker6@bbb.org
Lilith,Hawton,lhawtonr7@photobucket.com
Elyssa,Vian,evianr8@cargocollective.com
Tomasine,Ruppertz,truppertzr9@psu.edu
Barde,Iwanczyk,biwanczykra@tinyurl.com
Willard,Fowlie,wfowlierb@google.cn
Aubine,Novak,anovakrc@chronoengine.com
Gaby,Grene,ggrenerd@usgs.gov
Torin,Thresher,tthresherre@economist.com
Gerty,Slay,gslayrf@ycombinator.com
Morey,Ferrers,mferrersrg@elpais.com
Gregory,Testro,gtestrorh@indiatimes.com
Cookie,Toller,ctollerri@webeden.co.uk
Renae,Winslett,rwinslettrj@ifeng.com
Anatole,Hattigan,ahattiganrk@si.edu
Em,Craythorne,ecraythornerl@statcounter.com
Manda,Carnell,mcarnellrm@miitbeian.gov.cn
Allyson,Condie,acondiern@bigcartel.com
Edi,Tripe,etripero@digg.com
Harold,Barsby,hbarsbyrp@addtoany.com
Angele,Varney,avarneyrq@altervista.org
Jamey,Carriage,jcarriagerr@netvibes.com
